year,competition_id,url,http_status,competition_name,start_date,end_date,location,fetched_at_utc,probe_error,officials_analysis_competition_type_id,season_year
2022,30795,https://ijs.usfigureskating.org/leaderboard/results/2022/30795/index.asp,200,2022 Garden State Games,6/10/22,6/12/22,"Montclair State Arena, Wayne, New Jersey",2026-05-19T01:40:14+00:00,,11,2223
2022,30624,https://ijs.usfigureskating.org/leaderboard/results/2022/30624/index.asp,200,2022 Skate Pittsburgh,7/9/22,7/9/22,"RMU Island Sports Center, Acctg Room, Pittsburgh, PA",2026-05-19T01:39:55+00:00,,11,2223
2022,30909,https://ijs.usfigureskating.org/leaderboard/results/2022/30909/index.asp,200,2022 Skate Evansville,9/17/22,9/18/22,"Swonder Ice Arena, Evansville, IN",2026-05-19T01:40:26+00:00,,11,2223
2022,30235,https://ijs.usfigureskating.org/leaderboard/results/2022/30235/index.asp,200,10th Annual Snowtown Invitational Competition,1/21/22,1/23/22,"Watertown Fairgrounds Arena, Watertown, NY",2026-05-19T01:39:06+00:00,,11,2122
2022,30329,https://ijs.usfigureskating.org/leaderboard/results/2022/30329/index.asp,200,2022 FL Interclub Council Winter Festival,1/28/22,1/29/22,"Fort Meyers Skatium, Fort Meyers, FL",2026-05-19T01:39:16+00:00,,11,2122
2022,30294,https://ijs.usfigureskating.org/leaderboard/results/2022/30294/index.asp,200,42nd Annual Northland Figure Skating Competition,2/3/22,2/6/22,"Duluth Entertainment Conventio, Duluth, MN",2026-05-19T01:39:12+00:00,,11,2122
2022,30326,https://ijs.usfigureskating.org/leaderboard/results/2022/30326/index.asp,200,2022 Empire State Games - Singles,2/3/22,2/6/22,"Lake Placid Olympic Center, Lake Placid, NY",2026-05-19T01:39:16+00:00,,11,2122
2022,30318,https://ijs.usfigureskating.org/leaderboard/results/2022/30318/index.asp,200,2022 Hiawathaland Open & Compete USA Competition,2/4/22,2/6/22,"Rochester Recreation Center, Rochester, MN",2026-05-19T01:39:15+00:00,,11,2122
2022,30464,https://ijs.usfigureskating.org/leaderboard/results/2022/30464/index.asp,200,2022 Love Bug Open,2/6/22,2/6/22,"Credit Union of Texas Event Ce, Allen, TX",2026-05-19T01:39:37+00:00,,11,2122
2022,30250,https://ijs.usfigureskating.org/leaderboard/results/2022/30250/index.asp,200,TriState Synchronized Skating Competition,2/11/22,2/13/22,"Swonder Ice Arena, Evansville, IN",2026-05-19T01:39:08+00:00,,11,2122
2022,30463,https://ijs.usfigureskating.org/leaderboard/results/2022/30463/index.asp,200,2022 Red River Valley Classic,2/11/22,2/12/22,"South Arena, Moorhead, MN",2026-05-19T01:39:37+00:00,,11,2122
2022,30531,https://ijs.usfigureskating.org/leaderboard/results/2022/30531/index.asp,200,2022 Sweetheart Classic Synchronized Skating,2/12/22,2/12/22,"Anaheim Ice, Anaheim, CA",2026-05-19T01:39:45+00:00,,11,2122
2022,30349,https://ijs.usfigureskating.org/leaderboard/results/2022/30349/index.asp,200,2022 Sweetheart Classic,2/13/22,2/13/22,"Anaheim Ice, Anaheim, CA",2026-05-19T01:39:19+00:00,,11,2122
2022,30324,https://ijs.usfigureskating.org/leaderboard/results/2022/30324/index.asp,200,Alamo Skate,2/18/22,2/20/22,"Ice Center at Northwoods, San Antonio, TX",2026-05-19T01:39:16+00:00,,11,2122
2022,30355,https://ijs.usfigureskating.org/leaderboard/results/2022/30355/index.asp,200,Swan Synchro Skate 2022,2/19/22,2/19/22,"Beaver Dam Family Center Ice A, Beaver Dam, WI",2026-05-19T01:39:20+00:00,,11,2122
2022,30428,https://ijs.usfigureskating.org/leaderboard/results/2022/30428/index.asp,200,Connecticut Synchronized Skating Classic,2/19/22,2/20/22,"People's United Center, Hamden, CT",2026-05-19T01:39:32+00:00,,11,2122
2022,30159,https://ijs.usfigureskating.org/leaderboard/results/2022/30159/index.asp,200,Reflections Synchro Invitational,2/20/22,2/21/22,"Giant Center, Hershey, PA",2026-05-19T01:38:59+00:00,,11,2122
2022,30397,https://ijs.usfigureskating.org/leaderboard/results/2022/30397/index.asp,200,2022 Adult Mid-Winter Warmup Open Championships,2/20/22,2/20/22,"East West Ice Palace, Artesia, CA",2026-05-19T01:39:27+00:00,,11,2122
2022,30341,https://ijs.usfigureskating.org/leaderboard/results/2022/30341/index.asp,200,2022 Southern Eastern Great Lakes Figure Skating C,2/24/22,2/27/22,"Hobart Arena, Acctg Room, Troy, OH",2026-05-19T01:39:18+00:00,,11,2122
2022,30404,https://ijs.usfigureskating.org/leaderboard/results/2022/30404/index.asp,200,Omaha Winter Festival 2022,2/24/22,2/27/22,"Motto McLean Ice Arena, Omaha, NE",2026-05-19T01:39:28+00:00,,11,2122
2022,30173,https://ijs.usfigureskating.org/leaderboard/results/2022/30173/index.asp,200,2022 Magic City Intternational,2/25/22,2/26/22,"MAYSA Arena, Minot, ND",2026-05-19T01:39:01+00:00,,11,2122
2022,30288,https://ijs.usfigureskating.org/leaderboard/results/2022/30288/index.asp,200,2022 Pennsylvania Skating Championships,2/25/22,2/27/22,"Revolution Ice Center,, Pittston, PA",2026-05-19T01:39:12+00:00,,11,2122
2022,30453,https://ijs.usfigureskating.org/leaderboard/results/2022/30453/index.asp,200,2022 Sun Valley Winter Games,2/25/22,2/27/22,"Sun Valley Skating Center, Sun Valley, ID",2026-05-19T01:39:36+00:00,,11,2122
2022,30118,https://ijs.usfigureskating.org/leaderboard/results/2022/30118/index.asp,200,20th New Year's Invitational,2/26/22,2/27/22,"Prince William Ice Center, Woodbridge, VA",2026-05-19T01:38:55+00:00,,11,2122
2022,30139,https://ijs.usfigureskating.org/leaderboard/results/2022/30139/index.asp,200,Capital Ice Synchro Classic,2/27/22,2/27/22,"VFW All Seasons Arena, Bismarck, ND",2026-05-19T01:38:57+00:00,,11,2122
2022,30507,https://ijs.usfigureskating.org/leaderboard/results/2022/30507/index.asp,200,2022 Skating For Skills,3/5/22,3/6/22,"The Pond, Chagrin Falls, Ohio",2026-05-19T01:39:42+00:00,,11,2223
2022,30534,https://ijs.usfigureskating.org/leaderboard/results/2022/30534/index.asp,200,Columbus Invitational,3/5/22,3/6/22,"Hamilton Center Ice Arena, Columbus, IN",2026-05-19T01:39:45+00:00,,11,2223
2022,28739,https://ijs.usfigureskating.org/leaderboard/results/2022/28739/index.asp,200,2022 Eastern Adult Sectional Figure Skating Champi,3/10/22,3/13/22,"Haverford Skatium, Havertown, PA",2026-05-19T01:36:39+00:00,,13,2122
2022,28744,https://ijs.usfigureskating.org/leaderboard/results/2022/28744/index.asp,200,2022 PC Adult Sectional FS Championship,3/10/22,3/13/22,"Eagles Ice Arena, Spokane, WA",2026-05-19T01:36:40+00:00,,13,2122
2022,28747,https://ijs.usfigureskating.org/leaderboard/results/2022/28747/index.asp,200,2022 Midwestern Adult Sectional FS Championship,3/10/22,3/13/22,"ImOn Ice Arena, Cedar Rapids, IA",2026-05-19T01:36:40+00:00,,13,2122
2022,30364,https://ijs.usfigureskating.org/leaderboard/results/2022/30364/index.asp,200,2022 Denver Invitational,3/10/22,3/13/22,"South Suburban Rink 2, Rink 1, Highlands Ranch, CO",2026-05-19T01:39:22+00:00,,11,2223
2022,30527,https://ijs.usfigureskating.org/leaderboard/results/2022/30527/index.asp,200,2022 Denver Invitational (Synchro Events),3/10/22,3/13/22,"South Suburban Sports Complex, Highlands Ranch, CO",2026-05-19T01:39:44+00:00,,11,2223
2022,30214,https://ijs.usfigureskating.org/leaderboard/results/2022/30214/index.asp,200,Houston Invitational,3/11/22,3/13/22,"Aerodrome Ice Skating Complex, Houston, TX",2026-05-19T01:39:04+00:00,,11,2223
2022,30401,https://ijs.usfigureskating.org/leaderboard/results/2022/30401/index.asp,200,2022 Southern Connecticut Dance Competition,3/11/22,3/12/22,"Terry Conners Ice Rink, Stamford, CT",2026-05-19T01:39:28+00:00,,11,2223
2022,30441,https://ijs.usfigureskating.org/leaderboard/results/2022/30441/index.asp,200,2022 Magnolia Open,3/11/22,3/13/22,"The Cooler, Alpharetta, GA",2026-05-19T01:39:34+00:00,,11,2223
2022,30333,https://ijs.usfigureskating.org/leaderboard/results/2022/30333/index.asp,200,47th Howard E Van Camp Invitational,3/18/22,3/20/22,"Suburban Ice, East Lansing, MI",2026-05-19T01:39:17+00:00,,11,2223
2022,30392,https://ijs.usfigureskating.org/leaderboard/results/2022/30392/index.asp,200,2022 LSA Spring Invitational,3/18/22,3/19/22,"North Rink, Louisville, KY",2026-05-19T01:39:26+00:00,,11,2223
2022,30508,https://ijs.usfigureskating.org/leaderboard/results/2022/30508/index.asp,200,2022 Michigan Showcase,3/18/22,3/20/22,"Hartland Ice House, Hartland, MI",2026-05-19T01:39:42+00:00,,11,2223
2022,30413,https://ijs.usfigureskating.org/leaderboard/results/2022/30413/index.asp,200,Cleveland Invitational Championships 2022,3/19/22,3/20/22,"Mentor Civic Ice Arena, Mentor, OH",2026-05-19T01:39:30+00:00,,11,2223
2022,30539,https://ijs.usfigureskating.org/leaderboard/results/2022/30539/index.asp,200,2022 BODYARMOR NC State Games,3/19/22,3/20/22,"Wake Competition Center, Morrisville, NC",2026-05-19T01:39:46+00:00,,11,2223
2022,30584,https://ijs.usfigureskating.org/leaderboard/results/2022/30584/index.asp,200,Sunflower Classic 2022,3/20/22,3/20/22,"Minnetonka Ice Arena, Minnetonka, MN",2026-05-19T01:39:51+00:00,,11,2223
2022,30436,https://ijs.usfigureskating.org/leaderboard/results/2022/30436/index.asp,200,2022 Skate Kansas City,3/24/22,3/27/22,"Independence Community Ice, Independence, MO",2026-05-19T01:39:33+00:00,,11,2223
2022,30545,https://ijs.usfigureskating.org/leaderboard/results/2022/30545/index.asp,200,47th Annual 2022 W.I.M. Competition,3/24/22,3/27/22,"Wilson Park Recreation Center, Milwaukee, WI",2026-05-19T01:39:47+00:00,,11,2223
2022,30348,https://ijs.usfigureskating.org/leaderboard/results/2022/30348/index.asp,200,Morris Open,3/25/22,3/27/22,"Rink 1, Rink 3, Morristown, NJ",2026-05-19T01:39:19+00:00,,11,2223
2022,30343,https://ijs.usfigureskating.org/leaderboard/results/2022/30343/index.asp,200,Fiesta Skate 2022,3/31/22,4/3/22,"AZ Ice Peoria, Peoria, AZ",2026-05-19T01:39:18+00:00,,11,2223
2022,30455,https://ijs.usfigureskating.org/leaderboard/results/2022/30455/index.asp,200,35th Annual Florida Open Championships,3/31/22,4/3/22,"RDV Sportsplex Ice Den, Orlando, FL",2026-05-19T01:39:36+00:00,,11,2223
2022,30363,https://ijs.usfigureskating.org/leaderboard/results/2022/30363/index.asp,200,2022 Sugar Skate,4/1/22,4/3/22,"Sugar Land Ice & Sports Center, Sugar Land, TX",2026-05-19T01:39:21+00:00,,11,2223
2022,30383,https://ijs.usfigureskating.org/leaderboard/results/2022/30383/index.asp,200,Cardinal Classic 2022,4/1/22,4/3/22,"Olympic Rink, NHL Rink, Woodbridge, VA",2026-05-19T01:39:24+00:00,,11,2223
2022,28741,https://ijs.usfigureskating.org/leaderboard/results/2022/28741/index.asp,200,2022 U.S. Adult Figure Skating Championships,4/5/22,4/9/22,"Rink 1, Rink 2, Newark, DE",2026-05-19T01:36:40+00:00,,12,2122
2022,30605,https://ijs.usfigureskating.org/leaderboard/results/2022/30605/index.asp,200,Fort Collins Classic,4/7/22,4/10/22,"Edora Pool Ice Center (EPIC), Fort Collins, CO",2026-05-19T01:39:53+00:00,,11,2223
2022,30384,https://ijs.usfigureskating.org/leaderboard/results/2022/30384/index.asp,200,Skate Nashville 2022,4/8/22,4/10/22,"Centennial Sportsplex Ice Aren, Nashville, TN",2026-05-19T01:39:25+00:00,,11,2223
2022,30387,https://ijs.usfigureskating.org/leaderboard/results/2022/30387/index.asp,200,Skate Bloomington 2022,4/8/22,4/9/22,"Bloomington Ice Garden, Bloomington, MN",2026-05-19T01:39:26+00:00,,11,2223
2022,30340,https://ijs.usfigureskating.org/leaderboard/results/2022/30340/index.asp,200,2022 Crossroads FSC Spring-tacular Competition,4/9/22,4/10/22,"Haverford Skatium, Havertown, PA",2026-05-19T01:39:18+00:00,,11,2223
2022,30601,https://ijs.usfigureskating.org/leaderboard/results/2022/30601/index.asp,200,Reach for the Peaks,4/14/22,4/16/22,"Peaks Ice Arena, Provo, UT",2026-05-19T01:39:52+00:00,,11,2223
2022,30345,https://ijs.usfigureskating.org/leaderboard/results/2022/30345/index.asp,200,47th Annual Ladybug Competition,4/21/22,4/24/22,"Ice Valley Centre Ice Arena, Kankakee, Illinois",2026-05-19T01:39:19+00:00,,11,2223
2022,30370,https://ijs.usfigureskating.org/leaderboard/results/2022/30370/index.asp,200,2022 Skate Austin Bluebonnet Open,4/21/22,4/24/22,"Gold, Silver, Cedar Park, TX",2026-05-19T01:39:23+00:00,,11,2223
2022,30388,https://ijs.usfigureskating.org/leaderboard/results/2022/30388/index.asp,200,Skate Vegas 2022,4/21/22,4/24/22,"Lifeguard Arena, Henderson, NV",2026-05-19T01:39:26+00:00,,11,2223
2022,30357,https://ijs.usfigureskating.org/leaderboard/results/2022/30357/index.asp,200,2022 Southern CT Open,4/22/22,4/24/22,"Darien Ice Rink, Darien, CT",2026-05-19T01:39:21+00:00,,11,2223
2022,30399,https://ijs.usfigureskating.org/leaderboard/results/2022/30399/index.asp,200,Blades in Bama,4/22/22,4/24/22,"Pelham Civic Complex, Pelham, AL",2026-05-19T01:39:28+00:00,,11,2223
2022,30438,https://ijs.usfigureskating.org/leaderboard/results/2022/30438/index.asp,200,2022 La Jolla Open,4/22/22,4/24/22,"UTC Ice Sports Center, San Diego, CA",2026-05-19T01:39:34+00:00,,11,2223
2022,30354,https://ijs.usfigureskating.org/leaderboard/results/2022/30354/index.asp,200,Tri State Singles Competition,4/23/22,4/24/22,"Dearborn Ice Skating Center, Dearborn, MI",2026-05-19T01:39:20+00:00,,11,2223
2022,30620,https://ijs.usfigureskating.org/leaderboard/results/2022/30620/index.asp,200,2022 Spring Funtastics,4/23/22,4/24/22,"Apex Center, Arvada, CO",2026-05-19T01:39:54+00:00,,11,2223
2022,30408,https://ijs.usfigureskating.org/leaderboard/results/2022/30408/index.asp,200,May Day Open and Compete USA,5/5/22,5/8/22,"Patrick Rink, Resor Rink, Laurel, MD",2026-05-19T01:39:29+00:00,,11,2223
2022,30608,https://ijs.usfigureskating.org/leaderboard/results/2022/30608/index.asp,200,2022 Three Rivers Spring Skate,5/7/22,5/7/22,"Mt. Lebanon Recreation Center, Mt. Lebanon, PA",2026-05-19T01:39:53+00:00,,11,2223
2022,30577,https://ijs.usfigureskating.org/leaderboard/results/2022/30577/index.asp,200,2022 Nassau County Figure Skating Championships,5/13/22,5/15/22,"Cantiague Park Ice Arena, Hicksville, NY",2026-05-19T01:39:50+00:00,,11,2223
2022,30450,https://ijs.usfigureskating.org/leaderboard/results/2022/30450/index.asp,200,2022 Spring Jubilee,5/14/22,5/14/22,"Rink 1, Rink 2, San Jose, CA",2026-05-19T01:39:36+00:00,,11,2223
2022,30356,https://ijs.usfigureskating.org/leaderboard/results/2022/30356/index.asp,200,2022 North Shore Open,5/19/22,5/22/22,"Burbank Ice Arena, Reading, MA",2026-05-19T01:39:20+00:00,,11,2223
2022,30406,https://ijs.usfigureskating.org/leaderboard/results/2022/30406/index.asp,200,38th Annual Margaret Faulkner Springtime Invitatio,5/19/22,5/22/22,"Olympic Rink, Stadium Rink, Ann Arbor, MI",2026-05-19T01:39:29+00:00,,11,2223
2022,30679,https://ijs.usfigureskating.org/leaderboard/results/2022/30679/index.asp,200,2022 Roseville Open Competition,5/19/22,5/22/22,"Roseville Skating Center, Roseville, MN",2026-05-19T01:40:01+00:00,,11,2223
2022,30266,https://ijs.usfigureskating.org/leaderboard/results/2022/30266/index.asp,200,Westchester Classic,5/20/22,5/22/22,"Playland Ice, Rye, NY",2026-05-19T01:39:10+00:00,,11,2223
2022,30358,https://ijs.usfigureskating.org/leaderboard/results/2022/30358/index.asp,200,Central Illinois FSC Presents Excel and Beyond,5/20/22,5/22/22,"Grossinger Motors Arena, Bloomington, IL",2026-05-19T01:39:21+00:00,,11,2223
2022,30574,https://ijs.usfigureskating.org/leaderboard/results/2022/30574/index.asp,200,34th Annual Florida State Games FSC,5/20/22,5/22/22,"Panthers Ice Den, Coral Springs, FL",2026-05-19T01:39:49+00:00,,11,2223
2022,30588,https://ijs.usfigureskating.org/leaderboard/results/2022/30588/index.asp,200,2022 Spring Invitational,5/20/22,5/21/22,"The Igloo Ice Rink, Mount Laurel, New Jersey",2026-05-19T01:39:51+00:00,,11,2223
2022,30627,https://ijs.usfigureskating.org/leaderboard/results/2022/30627/index.asp,200,2022 Central Carolina Skating Classic,5/20/22,5/22/22,"Orange County SportsPlex, Hillsborough, NC",2026-05-19T01:39:55+00:00,,11,2223
2022,30652,https://ijs.usfigureskating.org/leaderboard/results/2022/30652/index.asp,200,North Shore Open (TOI Only),5/20/22,5/22/22,"Burbank Ice Arena, Reading, MA",2026-05-19T01:39:58+00:00,,11,2223
2022,30682,https://ijs.usfigureskating.org/leaderboard/results/2022/30682/index.asp,200,2022 Lake City Classic,5/20/22,5/22/22,"Frontier Ice Arena, Coeur d'Alene, ID",2026-05-19T01:40:01+00:00,,11,2223
2022,30748,https://ijs.usfigureskating.org/leaderboard/results/2022/30748/index.asp,200,2022 Memorial Trophy,5/20/22,5/22/22,"Ice Skate Memorial City, 303 Memorial City Way #902, Houston, TX 77024",2026-05-19T01:40:08+00:00,,11,2223
2022,30415,https://ijs.usfigureskating.org/leaderboard/results/2022/30415/index.asp,200,Ice fest 2022,6/2/22,6/5/22,"Olympicview Arena, Mountlake Ter, WA",2026-05-19T01:39:30+00:00,,11,2223
2022,30595,https://ijs.usfigureskating.org/leaderboard/results/2022/30595/index.asp,200,2022 Colonial Open,6/2/22,6/5/22,"Nashoba Valley Olympia, Boxborough, MA",2026-05-19T01:39:52+00:00,,11,2223
2022,30365,https://ijs.usfigureskating.org/leaderboard/results/2022/30365/index.asp,200,Traverse City Cherry Classic 2022,6/3/22,6/5/22,"Centre Ice Arena, Traverse City, MI",2026-05-19T01:39:22+00:00,,11,2223
2022,30398,https://ijs.usfigureskating.org/leaderboard/results/2022/30398/index.asp,200,Metro Indy Skating Challenge 2022,6/3/22,6/5/22,"Carmel Ice Skadium, Carmel, IN",2026-05-19T01:39:27+00:00,,11,2223
2022,30431,https://ijs.usfigureskating.org/leaderboard/results/2022/30431/index.asp,200,Heart of America Invitational,6/3/22,6/5/22,"IJS, Shawnee, KS",2026-05-19T01:39:32+00:00,,11,2223
2022,30793,https://ijs.usfigureskating.org/leaderboard/results/2022/30793/index.asp,200,2022 All Year FSC Open Championships,6/4/22,6/5/22,"Great Park Ice - Rink 1, Irvine, CA",2026-05-19T01:40:13+00:00,,11,2223
2022,30497,https://ijs.usfigureskating.org/leaderboard/results/2022/30497/index.asp,200,2022 Colonial Adult Challenge,6/5/22,6/5/22,"Nashoba Valley Olympia, Boxborough, MA",2026-05-19T01:39:41+00:00,,11,2223
2022,30396,https://ijs.usfigureskating.org/leaderboard/results/2022/30396/index.asp,200,Skatefest,6/8/22,6/11/22,"West Valley Acord Ice Center, West Valley City, UT",2026-05-19T01:39:27+00:00,,11,2223
2022,30514,https://ijs.usfigureskating.org/leaderboard/results/2022/30514/index.asp,200,2022 Skate Dallas,6/9/22,6/12/22,"Arena, Community, Allen, TX",2026-05-19T01:39:43+00:00,,11,2223
2022,30779,https://ijs.usfigureskating.org/leaderboard/results/2022/30779/index.asp,200,The 2nd Annual Quad Cities Victory Skate,6/10/22,6/11/22,"The Rivers Edge, Davenport, Iowa",2026-05-19T01:40:12+00:00,,11,2223
2022,30735,https://ijs.usfigureskating.org/leaderboard/results/2022/30735/index.asp,200,2022 The White Rose Invitational,6/11/22,6/11/22,"York Ice Arena at Memorial Par, York, Pennsylvania",2026-05-19T01:40:06+00:00,,11,2223
2022,30805,https://ijs.usfigureskating.org/leaderboard/results/2022/30805/index.asp,200,2022 CCIA Competition,6/11/22,6/11/22,"Snoopy""s Home Ice, Santa Rosa, CA",2026-05-19T01:40:15+00:00,,11,2223
2022,30443,https://ijs.usfigureskating.org/leaderboard/results/2022/30443/index.asp,200,2022 Atlanta Open,6/15/22,6/18/22,"Blue Rink, Red Rink, Alpharetta, GA",2026-05-19T01:39:35+00:00,,11,2223
2022,30440,https://ijs.usfigureskating.org/leaderboard/results/2022/30440/index.asp,200,2022 Southport Summer Classic,6/16/22,6/18/22,"Blue Rink, Green Rink, Pleasant Prairie, WI",2026-05-19T01:39:34+00:00,,11,2223
2022,30651,https://ijs.usfigureskating.org/leaderboard/results/2022/30651/index.asp,200,2022 Virginia Commonwealth State Games,6/17/22,6/19/22,"Chilled Ponds Ice Sports Compl, Chesapeake, VA",2026-05-19T01:39:57+00:00,,11,2223
2022,30732,https://ijs.usfigureskating.org/leaderboard/results/2022/30732/index.asp,200,2022 Bay State Games Figure Skating Competition,6/18/22,6/19/22,"Nashoba Valley Olympia, Boxborough, MA",2026-05-19T01:40:05+00:00,,11,2223
2022,30785,https://ijs.usfigureskating.org/leaderboard/results/2022/30785/index.asp,200,Southern California InterClub Championships,6/18/22,6/19/22,"Lakewood ice, Lakewood, CA",2026-05-19T01:40:12+00:00,,11,2223
2022,30802,https://ijs.usfigureskating.org/leaderboard/results/2022/30802/index.asp,200,2022 National Theatre On Ice Competition,6/21/22,6/25/22,"Intrust Bank Arena, Wichita, KS",2026-05-19T01:40:15+00:00,,11,2223
2022,30425,https://ijs.usfigureskating.org/leaderboard/results/2022/30425/index.asp,200,2022 Chesapeake Open and Compete USA Competition,6/22/22,6/25/22,"Rink 1, Rink 2, Laurel, MD",2026-05-19T01:39:31+00:00,,11,2223
2022,30764,https://ijs.usfigureskating.org/leaderboard/results/2022/30764/index.asp,200,2022 Lake Placid Figure Skating Championships,6/22/22,6/26/22,"Lake Placid Olympic Center, Lake Placid, NY",2026-05-19T01:40:10+00:00,,11,2223
2022,30653,https://ijs.usfigureskating.org/leaderboard/results/2022/30653/index.asp,200,2022 PNW Interclub Championships,6/23/22,6/26/22,"Kraken Training Center, Seattle, WA",2026-05-19T01:39:58+00:00,,11,2223
2022,30366,https://ijs.usfigureskating.org/leaderboard/results/2022/30366/index.asp,200,Grand Rapids Open,6/24/22,6/26/22,"Patterson Ice Center, Grand Rapids, MI",2026-05-19T01:39:22+00:00,,11,2223
2022,30799,https://ijs.usfigureskating.org/leaderboard/results/2022/30799/index.asp,200,2022 Braemar Competition,6/24/22,6/25/22,"Braemar Arena, Edina, MN",2026-05-19T01:40:14+00:00,,11,2223
2022,30504,https://ijs.usfigureskating.org/leaderboard/results/2022/30504/index.asp,200,2022 Broadmoor Open,6/25/22,7/2/22,"World Arena, Olympic Rink, Colorado Springs, CO",2026-05-19T01:39:42+00:00,,11,2223
2022,30762,https://ijs.usfigureskating.org/leaderboard/results/2022/30762/index.asp,200,2022 Skate La Grande,6/25/22,6/26/22,"San Diego Ice Arena, San Diego CA",2026-05-19T01:40:09+00:00,,11,2223
2022,30661,https://ijs.usfigureskating.org/leaderboard/results/2022/30661/index.asp,200,2022 Skate Milwaukee,7/6/22,7/10/22,"Pettit National Ice Center, Milwaukee, WI",2026-05-19T01:39:59+00:00,,11,2223
2022,30810,https://ijs.usfigureskating.org/leaderboard/results/2022/30810/index.asp,200,2022 U.S. Junior Team Cup (Invite Only),7/6/22,7/10/22,"Pettit National Ice Center, Milwaukee, WI",2026-05-19T01:40:16+00:00,,11,2223
2022,30737,https://ijs.usfigureskating.org/leaderboard/results/2022/30737/index.asp,200,2022 Texas Trophy,7/7/22,7/9/22,"Arena, Community, Credit Union of Texas Event Ctr, Allen, TX",2026-05-19T01:40:06+00:00,,11,2223
2022,30757,https://ijs.usfigureskating.org/leaderboard/results/2022/30757/index.asp,200,46th Annual Kathy Slack Troy Summer Competition,7/7/22,7/10/22,"Hobart Arena, Troy, OH",2026-05-19T01:40:09+00:00,,11,2223
2022,30744,https://ijs.usfigureskating.org/leaderboard/results/2022/30744/index.asp,200,DOGWOOD OPEN 2022,7/8/22,7/10/22,"Invisalign Arena @ WCC, Morrisville, NC",2026-05-19T01:40:07+00:00,,11,2223
2022,30768,https://ijs.usfigureskating.org/leaderboard/results/2022/30768/index.asp,200,2022 Miami Open Championship,7/8/22,7/10/22,"Kendall Ice Arena, Miami, FL",2026-05-19T01:40:10+00:00,,11,2223
2022,30775,https://ijs.usfigureskating.org/leaderboard/results/2022/30775/index.asp,200,The ShopRite Nutmeg State Games,7/9/22,7/10/22,"Newington Ice Arena, Newington, CT",2026-05-19T01:40:11+00:00,,11,2223
2022,30792,https://ijs.usfigureskating.org/leaderboard/results/2022/30792/index.asp,200,2022 Champlain Valley Open,7/10/22,7/10/22,"Gordon H. Paquette Ice Arena, Burlington, VT",2026-05-19T01:40:13+00:00,,11,2223
2022,30390,https://ijs.usfigureskating.org/leaderboard/results/2022/30390/index.asp,200,Skate Wilmington 2022,7/12/22,7/17/22,"The Skating Club of Wilmington, Wilmington, DE",2026-05-19T01:39:26+00:00,,11,2223
2022,30386,https://ijs.usfigureskating.org/leaderboard/results/2022/30386/index.asp,200,2022 Orange Blossom Open,7/14/22,7/17/22,"Clearwater Ice Arena, Clearwater, FL",2026-05-19T01:39:25+00:00,,11,2223
2022,30745,https://ijs.usfigureskating.org/leaderboard/results/2022/30745/index.asp,200,Vail Invitational Figure Skating Championships,7/14/22,7/17/22,"John A Dobson Arena, Accounting Room, Vail, CO",2026-05-19T01:40:07+00:00,,11,2223
2022,30862,https://ijs.usfigureskating.org/leaderboard/results/2022/30862/index.asp,200,2022 Excel National Festival,7/14/22,7/17/22,"The Skating Club of Boston - N, Norwood, MA",2026-05-19T01:40:21+00:00,,11,2223
2022,30874,https://ijs.usfigureskating.org/leaderboard/results/2022/30874/index.asp,200,2022 Los Angeles Open Championship,7/15/22,7/17/22,"Pickwick Ice Center, Burbank, CA",2026-05-19T01:40:22+00:00,,11,2223
2022,30476,https://ijs.usfigureskating.org/leaderboard/results/2022/30476/index.asp,200,2022 Sun Valley Summer Championships,7/20/22,7/24/22,"Sun Valley Skating Center, Sun Valley, ID",2026-05-19T01:39:39+00:00,,11,2223
2022,30446,https://ijs.usfigureskating.org/leaderboard/results/2022/30446/index.asp,200,Magic City Ice Classic,7/22/22,7/24/22,"Pelham Civic Complex, Pelham, AL",2026-05-19T01:39:35+00:00,,11,2223
2022,30680,https://ijs.usfigureskating.org/leaderboard/results/2022/30680/index.asp,200,2022 U.S. Collegiate Championships and Invitationa,7/22/22,7/24/22,"Wood Rink, Metal Rink, Richfield Ice Arena, Richfield, MN",2026-05-19T01:40:01+00:00,,14,2223
2022,30790,https://ijs.usfigureskating.org/leaderboard/results/2022/30790/index.asp,200,58th Annual Skate St. Paul Figure Skating Competit,7/22/22,7/24/22,"Wood Rink, Metal Rink, Richfield, MN",2026-05-19T01:40:13+00:00,,11,2223
2022,30808,https://ijs.usfigureskating.org/leaderboard/results/2022/30808/index.asp,200,23rd Annual Chicago Open,7/22/22,7/24/22,"Glenview Community Ice Center, Glenview, IL",2026-05-19T01:40:15+00:00,,11,2223
2022,30771,https://ijs.usfigureskating.org/leaderboard/results/2022/30771/index.asp,200,Ocean State Open 2022,7/23/22,7/24/22,"William Thayer Arena, Warwick, RI",2026-05-19T01:40:11+00:00,,11,2223
2022,30884,https://ijs.usfigureskating.org/leaderboard/results/2022/30884/index.asp,200,"2022 Red, White, and Blue Ice",7/24/22,7/24/22,"Vaca Valley Ice Sports, Vacaville, CA",2026-05-19T01:40:23+00:00,,11,2223
2022,30426,https://ijs.usfigureskating.org/leaderboard/results/2022/30426/index.asp,200,2022 Charleston Open,7/28/22,7/31/22,"Carolina Ice Palace, North Charleston, SC",2026-05-19T01:39:32+00:00,,11,2223
2022,30813,https://ijs.usfigureskating.org/leaderboard/results/2022/30813/index.asp,200,2022 National Showcase,8/1/22,8/6/22,"Rink D, Rink C, Wesley Chapel, FL",2026-05-19T01:40:16+00:00,,11,2223
2022,30378,https://ijs.usfigureskating.org/leaderboard/results/2022/30378/index.asp,200,2022 Arizona Ice Classic,8/4/22,8/7/22,"Coyotes Ice 2, LLC dba Ice Den, Chandler, AZ",2026-05-19T01:39:24+00:00,,11,2223
2022,30722,https://ijs.usfigureskating.org/leaderboard/results/2022/30722/index.asp,200,50th Annual Robin Lee Midwest Open Competition,8/5/22,8/7/22,"St Louis Park Rec Center, St Louis Park, MN",2026-05-19T01:40:04+00:00,,11,2223
2022,30540,https://ijs.usfigureskating.org/leaderboard/results/2022/30540/index.asp,200,The Hershey Open,8/9/22,8/13/22,"Hersheypark Arena, Hershey, Pennsylvania",2026-05-19T01:39:46+00:00,,11,2223
2022,30746,https://ijs.usfigureskating.org/leaderboard/results/2022/30746/index.asp,200,The Neal Wood Memorial Open,8/10/22,8/13/22,"HersheyPark Arena, Hershey, Pennsylvania",2026-05-19T01:40:07+00:00,,11,2223
2022,30518,https://ijs.usfigureskating.org/leaderboard/results/2022/30518/index.asp,200,2022 OC Open Championships,8/11/22,8/14/22,"Yorba Linda Ice, Yorba Linda, CA",2026-05-19T01:39:43+00:00,,11,2223
2022,30892,https://ijs.usfigureskating.org/leaderboard/results/2022/30892/index.asp,200,2022 Minnesota State Championships & TCFSA Open,8/18/22,8/20/22,"Bloomington Ice Garden, Bloomington, MN",2026-05-19T01:40:24+00:00,,11,2223
2022,30694,https://ijs.usfigureskating.org/leaderboard/results/2022/30694/index.asp,200,2022 Skate the Lake,8/19/22,8/21/22,"Blue Rink, Green Rink, Pleasant Prairie, WI",2026-05-19T01:40:02+00:00,,11,2223
2022,30720,https://ijs.usfigureskating.org/leaderboard/results/2022/30720/index.asp,200,2022 Skate San Francisco,8/19/22,8/21/22,"Yerba Buena Ice Skating & Bowl, San Francisco, CA",2026-05-19T01:40:04+00:00,,11,2223
2022,30721,https://ijs.usfigureskating.org/leaderboard/results/2022/30721/index.asp,200,2022 Skate Chautauqua,8/20/22,8/20/22,"Northwest Savings Bank Arena, Jamestown, NY",2026-05-19T01:40:04+00:00,,11,2223
2022,30646,https://ijs.usfigureskating.org/leaderboard/results/2022/30646/index.asp,200,2022 Oklahoma Open,8/25/22,8/26/22,"Arctic Edge Ice Arena, Oklahoma City, OK",2026-05-19T01:39:57+00:00,,11,2223
2022,30733,https://ijs.usfigureskating.org/leaderboard/results/2022/30733/index.asp,200,2022 Battle of the Blades,8/27/22,8/28/22,"SportONE Parkview Icehouse, Fort Wayne, IN",2026-05-19T01:40:06+00:00,,11,2223
2022,30777,https://ijs.usfigureskating.org/leaderboard/results/2022/30777/index.asp,200,20th Annual Labor Day Invitational,9/2/22,9/4/22,"Hertz Arena, Estero, FL",2026-05-19T01:40:11+00:00,,11,2223
2022,30895,https://ijs.usfigureskating.org/leaderboard/results/2022/30895/index.asp,200,2022 Golden West Championships,9/2/22,9/4/22,"Rink 3, Rink 4, Great Park Ice, Irvine, CA",2026-05-19T01:40:24+00:00,,11,2223
2022,30770,https://ijs.usfigureskating.org/leaderboard/results/2022/30770/index.asp,200,2022 Peach Open,9/3/22,9/4/22,"Breakaway, Ice Forum, Atlanta Ice Forum, Duluth, GA",2026-05-19T01:40:11+00:00,,11,2223
2022,30885,https://ijs.usfigureskating.org/leaderboard/results/2022/30885/index.asp,200,2022 Peach Classic,9/3/22,9/3/22,"Breakaway, Ice Forum, Atlanta Ice Forum, Duluth, GA",2026-05-19T01:40:23+00:00,,11,2223
2022,30925,https://ijs.usfigureskating.org/leaderboard/results/2022/30925/index.asp,200,2022 National Solo Dance Finals,9/7/22,9/10/22,"The Cube Ice and Entertainment, Valencia, CA",2026-05-19T01:40:28+00:00,,11,2223
2022,30896,https://ijs.usfigureskating.org/leaderboard/results/2022/30896/index.asp,200,2022 Colorado Springs Invitational and RMSG,9/8/22,9/11/22,"East Rink, West Rink, Monument, Colorado",2026-05-19T01:40:24+00:00,,11,2223
2022,30710,https://ijs.usfigureskating.org/leaderboard/results/2022/30710/index.asp,200,2022 Skate Cleveland,9/9/22,9/10/22,"Serpentini Winterhurst Arena, Lakewood, OH",2026-05-19T01:40:03+00:00,,11,2223
2022,30951,https://ijs.usfigureskating.org/leaderboard/results/2022/30951/index.asp,200,2022 Novice and Junior Challenge Skate,9/12/22,9/16/22,"Lake Placid Olympic Center, Lake Placid, NY",2026-05-19T01:40:31+00:00,,11,2223
2022,30752,https://ijs.usfigureskating.org/leaderboard/results/2022/30752/index.asp,200,2022 Oktoberfest,9/15/22,9/18/22,"Cottonwood Heights RC, Cottonwood Heights, UT",2026-05-19T01:40:08+00:00,,11,2223
2022,30908,https://ijs.usfigureskating.org/leaderboard/results/2022/30908/index.asp,200,2022 Pony Express Championships,9/16/22,9/18/22,"Bode Ice Arena, Bode Ice Arena",2026-05-19T01:40:26+00:00,,11,2223
2022,30926,https://ijs.usfigureskating.org/leaderboard/results/2022/30926/index.asp,200,2022 Madison Open,9/16/22,9/17/22,"Madison Ice Arena, Madison, WI",2026-05-19T01:40:28+00:00,,11,2223
2022,30668,https://ijs.usfigureskating.org/leaderboard/results/2022/30668/index.asp,200,2022 Falling Leaves,9/23/22,9/25/22,"SkateNation Plus, Richmond, VA",2026-05-19T01:40:00+00:00,,11,2223
2022,30881,https://ijs.usfigureskating.org/leaderboard/results/2022/30881/index.asp,200,2022 Maplewood Fall Classic,9/23/22,9/25/22,"TCO Sports Center, Vadnais Heights, MN",2026-05-19T01:40:22+00:00,,11,2223
2022,30927,https://ijs.usfigureskating.org/leaderboard/results/2022/30927/index.asp,200,2022 12th Annual Illinois Grand Prix,9/24/22,9/25/22,"Oak Lawn Ice Arena, Oak Lawn, IL",2026-05-19T01:40:28+00:00,,11,2223
2022,30960,https://ijs.usfigureskating.org/leaderboard/results/2022/30960/index.asp,200,2022 Boston Open,9/30/22,10/2/22,"The Skating Club of Boston, Norwood, MA",2026-05-19T01:40:32+00:00,,11,2223
2022,30943,https://ijs.usfigureskating.org/leaderboard/results/2022/30943/index.asp,200,2022 Northern Blades Rising Stars,10/7/22,10/7/22,"National Sports Center, Blaine, MN",2026-05-19T01:40:30+00:00,,11,2223
2022,30897,https://ijs.usfigureskating.org/leaderboard/results/2022/30897/index.asp,200,2022 Hiawathland Open Competition,10/14/22,10/16/22,"Rochester Recreation Center, Rochester, MN",2026-05-19T01:40:25+00:00,,11,2223
2022,30930,https://ijs.usfigureskating.org/leaderboard/results/2022/30930/index.asp,200,2022 Shores Autumn Classic,10/14/22,10/15/22,"St. Clair Shores Civic Arena, St Clr Shores, MI",2026-05-19T01:40:28+00:00,,11,2223
2022,31977,https://ijs.usfigureskating.org/leaderboard/results/2022/31977/index.asp,200,2022 Southwest Nine States,10/19/22,10/22/22,"IJS, 6.0, Allen, TX",2026-05-19T01:42:12+00:00,,11,2223
2022,30948,https://ijs.usfigureskating.org/leaderboard/results/2022/30948/index.asp,200,2022 Skating Spooktacular,10/21/22,10/23/22,"Center Ice, North Canton, Ohio",2026-05-19T01:40:30+00:00,,11,2223
2022,32012,https://ijs.usfigureskating.org/leaderboard/results/2022/32012/index.asp,200,2022 Fort Collins Fright Fest,10/23/22,10/23/22,"Blue, EPIC, Fort Collins, CO",2026-05-19T01:42:16+00:00,,11,2223
2022,30958,https://ijs.usfigureskating.org/leaderboard/results/2022/30958/index.asp,200,Ann Arbor FS Adult Open,11/5/22,11/6/22,"Ann Arbor Ice Cube, Ann Arbor, MI",2026-05-19T01:40:31+00:00,,11,2223
2022,31966,https://ijs.usfigureskating.org/leaderboard/results/2022/31966/index.asp,200,2022 Diamond Classic Synchronized Skating Competit,11/5/22,11/5/22,"Mentor Civic Ice Arena, Mentor, OH",2026-05-19T01:42:11+00:00,,11,2223
2022,32013,https://ijs.usfigureskating.org/leaderboard/results/2022/32013/index.asp,200,2022 Autumn Skate Fest,11/5/22,11/6/22,"Burnsville Ice Center, Burnsville, MN",2026-05-19T01:42:16+00:00,,11,2223
2022,31988,https://ijs.usfigureskating.org/leaderboard/results/2022/31988/index.asp,200,2022 Granite City Classic,11/11/22,11/12/22,"MAC Arena, St. Cloud, Minnesota",2026-05-19T01:42:13+00:00,,11,2223
2022,31985,https://ijs.usfigureskating.org/leaderboard/results/2022/31985/index.asp,200,2022 Holiday Classic Figure Skating Competition,11/18/22,11/19/22,"Purpur Arena, Grand Forks, ND",2026-05-19T01:42:13+00:00,,11,2223
2022,31970,https://ijs.usfigureskating.org/leaderboard/results/2022/31970/index.asp,200,2022 Desert Ice Open,11/19/22,11/20/22,"Las Vegas Ice Center, Las Vegas, Nevada",2026-05-19T01:42:11+00:00,,11,2223
2022,32031,https://ijs.usfigureskating.org/leaderboard/results/2022/32031/index.asp,200,2022 Autumn Skate,11/19/22,11/20/22,"Skating Club of Wilmington, Wilmington, DE",2026-05-19T01:42:18+00:00,,11,2223
2022,32116,https://ijs.usfigureskating.org/leaderboard/results/2022/32116/index.asp,200,2022 Aspen Invitational,12/2/22,12/3/22,"Lewis Ice Arena, Aspen, CO",2026-05-19T01:42:25+00:00,,11,2223
2022,32018,https://ijs.usfigureskating.org/leaderboard/results/2022/32018/index.asp,200,2022 South Atlantic Synchro Open,12/10/22,12/11/22,"SkateNation Plus, Glen Allen, VA",2026-05-19T01:42:16+00:00,,11,2223