year,competition_id,url,http_status,competition_name,start_date,end_date,location,fetched_at_utc,probe_error
2025,30911,https://ijs.usfigureskating.org/leaderboard/results/2025/30911/index.asp,200,2025 Eastern Adult Sectional FS Championships,03/14/2025,03/16/2025,"Extreme Ice Center, Indian Trail, NC",2026-05-11T16:21:00+00:00,
2025,30914,https://ijs.usfigureskating.org/leaderboard/results/2025/30914/index.asp,200,2025 Midwestern Adult Sectional FS Championships,03/21/2025,03/23/2025,"Madison, WI",2026-05-11T16:21:01+00:00,
2025,30917,https://ijs.usfigureskating.org/leaderboard/results/2025/30917/index.asp,200,2025 Pacific Coast Adult Sectional FS Championship,03/13/2025,03/16/2025,"Paramount, CA",2026-05-11T16:21:01+00:00,
2025,30920,https://ijs.usfigureskating.org/leaderboard/results/2025/30920/index.asp,200,2025 U.S. Adult Figure Skating Championships,03/31/2025,04/05/2025,"St Louis Park, MN",2026-05-11T16:21:02+00:00,
2025,34237,https://ijs.usfigureskating.org/leaderboard/results/2025/34237/index.asp,200,2025 U.S. Synchronized Skating Championships,02/25/2025,03/01/2025,"Colorado Springs, CO",2026-05-11T16:32:02+00:00,
2025,34239,https://ijs.usfigureskating.org/leaderboard/results/2025/34239/index.asp,200,2025 Eastern Synchronized Skating Sectional Champi,01/22/2025,01/25/2025,"Hershey, PA",2026-05-11T16:32:03+00:00,
2025,34240,https://ijs.usfigureskating.org/leaderboard/results/2025/34240/index.asp,200,2025 Midwestern Synchronized Skating Sectional Cha,01/29/2025,02/01/2025,"Kalamazoo, MI",2026-05-11T16:32:03+00:00,
2025,34241,https://ijs.usfigureskating.org/leaderboard/results/2025/34241/index.asp,200,2025 Pacific Coast Synchronized Skating Sectional,01/30/2025,02/01/2025,"Irvine, CA",2026-05-11T16:32:03+00:00,
2025,34252,https://ijs.usfigureskating.org/leaderboard/results/2025/34252/index.asp,200,2026 Eastern Sectional Singles Final,11/10/2025,11/16/2025,"North Charleston, SC",2026-05-11T16:32:06+00:00,
2025,34253,https://ijs.usfigureskating.org/leaderboard/results/2025/34253/index.asp,200,2026 Midwestern Sectional Singles - U.S. Pairs Fin,11/16/2025,11/21/2025,"East Lansing, MI",2026-05-11T16:32:06+00:00,
2025,34254,https://ijs.usfigureskating.org/leaderboard/results/2025/34254/index.asp,200,2026 Pacific Coast Sectional Singles - U.S. Ice Da,11/02/2025,11/06/2025,"Henderson, NV",2026-05-11T16:32:06+00:00,
2025,34272,https://ijs.usfigureskating.org/leaderboard/results/2025/34272/index.asp,200,2025 U.S. Collegiate Championships - Invitational,07/18/2025,07/20/2025,"Flossmoor, IL",2026-05-11T16:32:10+00:00,
2025,34424,https://ijs.usfigureskating.org/leaderboard/results/2025/34424/index.asp,200,Fort Collins Classic 2025,04/03/2025,04/06/2025,"Fort Collins, CO",2026-05-11T16:32:42+00:00,
2025,35103,https://ijs.usfigureskating.org/leaderboard/results/2025/35103/index.asp,200,NQS - 2025 Greater Chicagoland Fall Invitational,09/04/2025,09/07/2025,"Evanston, IL",2026-05-11T16:34:57+00:00,
2025,35490,https://ijs.usfigureskating.org/leaderboard/results/2025/35490/index.asp,200,2025 Synchro Illinois,01/17/2025,01/19/2025,"Evanston, IL",2026-05-11T16:36:14+00:00,
2025,35537,https://ijs.usfigureskating.org/leaderboard/results/2025/35537/index.asp,200,3rd Annual Paradise Coast Classic,06/05/2025,06/08/2025,"Estero, FL",2026-05-11T16:36:24+00:00,
2025,35539,https://ijs.usfigureskating.org/leaderboard/results/2025/35539/index.asp,200,2025 Prevagen U.S. Figure Skating Championships,01/19/2025,01/26/2025,"Wichita, KS",2026-05-11T16:36:24+00:00,
2025,35551,https://ijs.usfigureskating.org/leaderboard/results/2025/35551/index.asp,200,2025 Colonial Classic Synchronized Skating Competi,01/03/2025,01/05/2025,"Lowell, MA",2026-05-11T16:36:27+00:00,
2025,35558,https://ijs.usfigureskating.org/leaderboard/results/2025/35558/index.asp,200,2025 Ohio High School Team Championships,02/07/2025,02/09/2025,"Shaker Heights, Ohio",2026-05-11T16:36:28+00:00,
2025,35560,https://ijs.usfigureskating.org/leaderboard/results/2025/35560/index.asp,200,Utah Skatefest 2025,06/04/2025,06/07/2025,"West Valley City, UT",2026-05-11T16:36:29+00:00,
2025,35569,https://ijs.usfigureskating.org/leaderboard/results/2025/35569/index.asp,200,2025 Connecticut Synchronized Skating Classic,02/09/2025,02/09/2025,"Hamden, CT",2026-05-11T16:36:31+00:00,
2025,35601,https://ijs.usfigureskating.org/leaderboard/results/2025/35601/index.asp,200,Swan Synchro Skate 2025,02/15/2025,02/15/2025,"Beaver Dam, WI",2026-05-11T16:36:37+00:00,
2025,35604,https://ijs.usfigureskating.org/leaderboard/results/2025/35604/index.asp,200,Massena Figure Skating Inviational Competition 202,03/08/2025,03/08/2025,"Massena, NY",2026-05-11T16:36:38+00:00,
2025,35609,https://ijs.usfigureskating.org/leaderboard/results/2025/35609/index.asp,200,2025 Omaha Winter Festival,02/20/2025,02/23/2025,"Omaha, NE",2026-05-11T16:36:39+00:00,
2025,35612,https://ijs.usfigureskating.org/leaderboard/results/2025/35612/index.asp,200,2025 Tri-State Synchronized Skating Competition,02/14/2025,02/15/2025,"Mentor, OH",2026-05-11T16:36:40+00:00,
2025,35623,https://ijs.usfigureskating.org/leaderboard/results/2025/35623/index.asp,200,2025 Black Hills Gold Rush,02/14/2025,02/15/2025,"Rapid City, SD",2026-05-11T16:36:42+00:00,
2025,35624,https://ijs.usfigureskating.org/leaderboard/results/2025/35624/index.asp,200,2025 Splash of the Sound,03/21/2025,03/23/2025,"Bremerton, WA",2026-05-11T16:36:43+00:00,
2025,35636,https://ijs.usfigureskating.org/leaderboard/results/2025/35636/index.asp,200,NQS - 2025 Carousel Classic,09/12/2025,09/14/2025,"Eugene, OR",2026-05-11T16:36:45+00:00,
2025,35637,https://ijs.usfigureskating.org/leaderboard/results/2025/35637/index.asp,200,2025 Silicon Valley Open Non-Qualifying Competitio,08/07/2025,08/10/2025,"San Jose, CA",2026-05-11T16:36:46+00:00,
2025,35638,https://ijs.usfigureskating.org/leaderboard/results/2025/35638/index.asp,200,NQS - 2025 Silicon Valley Open,08/07/2025,08/09/2025,"San Jose, CA",2026-05-11T16:36:46+00:00,
2025,35645,https://ijs.usfigureskating.org/leaderboard/results/2025/35645/index.asp,200,NQS - 2025 Glacier Falls Summer Classic,07/30/2025,08/03/2025,"Anaheim, CA",2026-05-11T16:36:47+00:00,
2025,35653,https://ijs.usfigureskating.org/leaderboard/results/2025/35653/index.asp,200,NQS 2025 Golden West Championships,08/29/2025,08/31/2025,"Irvine, CA",2026-05-11T16:36:49+00:00,
2025,35654,https://ijs.usfigureskating.org/leaderboard/results/2025/35654/index.asp,200,2025 Colorado Springs Invitational-RMSG,09/11/2025,09/14/2025,"Monument, CO",2026-05-11T16:36:49+00:00,
2025,35655,https://ijs.usfigureskating.org/leaderboard/results/2025/35655/index.asp,200,38th Annual FL Open Figure Skating Championships,04/03/2025,04/06/2025,"Orlando, FL",2026-05-11T16:36:50+00:00,
2025,35656,https://ijs.usfigureskating.org/leaderboard/results/2025/35656/index.asp,200,First Coast Classic 2025,06/20/2025,06/22/2025,"Jacksonville, FL",2026-05-11T16:36:50+00:00,
2025,35657,https://ijs.usfigureskating.org/leaderboard/results/2025/35657/index.asp,200,2025 Westchester Classic,05/02/2025,05/04/2025,"Rye, NY",2026-05-11T16:36:50+00:00,
2025,35664,https://ijs.usfigureskating.org/leaderboard/results/2025/35664/index.asp,200,NQS - 2025 Atlanta Open,08/21/2025,08/24/2025,"Cumming, GA",2026-05-11T16:36:52+00:00,
2025,35672,https://ijs.usfigureskating.org/leaderboard/results/2025/35672/index.asp,200,NQS - SDS - 2025 Lake Placid Ice Dance Championshi,07/27/2025,07/31/2025,"Lake Placid, NY",2026-05-11T16:36:54+00:00,
2025,35676,https://ijs.usfigureskating.org/leaderboard/results/2025/35676/index.asp,200,2025 Red River Valley International Classic,02/13/2025,02/15/2025,"Moorhead, MN",2026-05-11T16:36:55+00:00,
2025,35701,https://ijs.usfigureskating.org/leaderboard/results/2025/35701/index.asp,200,NQS - 2025 Philadelphia Summer Championships,07/29/2025,08/03/2025,"Aston, PA",2026-05-11T16:37:00+00:00,
2025,35712,https://ijs.usfigureskating.org/leaderboard/results/2025/35712/index.asp,200,2025 Skate Chautauqua,08/15/2025,08/17/2025,"Jamestown, NY",2026-05-11T16:37:02+00:00,
2025,35715,https://ijs.usfigureskating.org/leaderboard/results/2025/35715/index.asp,200,2025 San Diego Sweetheart Classic Synchro,01/11/2025,01/11/2025,"Poway, CA",2026-05-11T16:37:03+00:00,
2025,35717,https://ijs.usfigureskating.org/leaderboard/results/2025/35717/index.asp,200,2025 Metro Indy Skating Challenge,05/30/2025,06/01/2025,"Carmel, IN",2026-05-11T16:37:03+00:00,
2025,35719,https://ijs.usfigureskating.org/leaderboard/results/2025/35719/index.asp,200,2025 Colonial Open,06/05/2025,06/08/2025,"Boxborough, MA",2026-05-11T16:37:04+00:00,
2025,35720,https://ijs.usfigureskating.org/leaderboard/results/2025/35720/index.asp,200,2025 Eastern Iowa Invitational,06/06/2025,06/08/2025,"Cedar Rapids, IA",2026-05-11T16:37:04+00:00,
2025,35721,https://ijs.usfigureskating.org/leaderboard/results/2025/35721/index.asp,200,2025 Jo Williams Memorial Cup,04/25/2025,04/27/2025,"Spokane, WA",2026-05-11T16:37:05+00:00,
2025,35722,https://ijs.usfigureskating.org/leaderboard/results/2025/35722/index.asp,200,2025 Sierra Nevada Ice Classic,05/31/2025,06/01/2025,"Reno, NV",2026-05-11T16:37:05+00:00,
2025,35723,https://ijs.usfigureskating.org/leaderboard/results/2025/35723/index.asp,200,2025 Princeton Lisa McGraw Webster Spring Classic,05/31/2025,06/01/2025,"Princeton, NJ",2026-05-11T16:37:05+00:00,
2025,35724,https://ijs.usfigureskating.org/leaderboard/results/2025/35724/index.asp,200,2025 Cardinal Classic,05/30/2025,06/01/2025,"Woodbridge, VA",2026-05-11T16:37:06+00:00,
2025,35725,https://ijs.usfigureskating.org/leaderboard/results/2025/35725/index.asp,200,46th Annual Pasadena Open Championships,09/19/2025,09/21/2025,"Pasadena, CA",2026-05-11T16:37:06+00:00,
2025,35726,https://ijs.usfigureskating.org/leaderboard/results/2025/35726/index.asp,200,2025 Copper State Classic,05/15/2025,05/18/2025,"Mesa, AZ",2026-05-11T16:37:06+00:00,
2025,35728,https://ijs.usfigureskating.org/leaderboard/results/2025/35728/index.asp,200,2025 Houston Invitational,03/07/2025,03/09/2025,"Houston, TX",2026-05-11T16:37:07+00:00,
2025,35729,https://ijs.usfigureskating.org/leaderboard/results/2025/35729/index.asp,200,CRC Kickoff 2025,04/25/2025,04/27/2025,"Chesapeake, VA",2026-05-11T16:37:07+00:00,
2025,35730,https://ijs.usfigureskating.org/leaderboard/results/2025/35730/index.asp,200,Ice Fest 2025,05/29/2025,06/01/2025,"Mountlake Ter, WA",2026-05-11T16:37:08+00:00,
2025,35731,https://ijs.usfigureskating.org/leaderboard/results/2025/35731/index.asp,200,2025 Genesee Invitational,04/04/2025,04/06/2025,"Rochester, NY",2026-05-11T16:37:08+00:00,
2025,35733,https://ijs.usfigureskating.org/leaderboard/results/2025/35733/index.asp,200,2025 Nassau County Figure Skating Championship,05/16/2025,05/18/2025,"Hicksville, NY",2026-05-11T16:37:08+00:00,
2025,35734,https://ijs.usfigureskating.org/leaderboard/results/2025/35734/index.asp,200,NQS - 2025 LA Autumn Classic,10/03/2025,10/05/2025,"El Segundo, CA",2026-05-11T16:37:09+00:00,
2025,35735,https://ijs.usfigureskating.org/leaderboard/results/2025/35735/index.asp,200,20th Annual California Championships,05/02/2025,05/04/2025,"Artesia, CA",2026-05-11T16:37:09+00:00,
2025,35739,https://ijs.usfigureskating.org/leaderboard/results/2025/35739/index.asp,200,Braemar Competition 2025,05/30/2025,06/01/2025,"Edina, MN",2026-05-11T16:37:10+00:00,
2025,35740,https://ijs.usfigureskating.org/leaderboard/results/2025/35740/index.asp,200,2025 Traverse City Cherry Classic,05/29/2025,06/01/2025,"Traverse City, MI",2026-05-11T16:37:10+00:00,
2025,35742,https://ijs.usfigureskating.org/leaderboard/results/2025/35742/index.asp,200,2025 Champlain Valley Open,05/03/2025,05/04/2025,"Burlington, VT",2026-05-11T16:37:11+00:00,
2025,35743,https://ijs.usfigureskating.org/leaderboard/results/2025/35743/index.asp,200,NQS - 2025 Texas Trophy,09/30/2025,10/04/2025,"Plano, TX",2026-05-11T16:37:11+00:00,
2025,35744,https://ijs.usfigureskating.org/leaderboard/results/2025/35744/index.asp,200,Skate Dallas 2025,06/05/2025,06/08/2025,"Allen, TX",2026-05-11T16:37:12+00:00,
2025,35746,https://ijs.usfigureskating.org/leaderboard/results/2025/35746/index.asp,200,2025 Sunflower Classic,03/15/2025,03/16/2025,"Minnetonka, MN",2026-05-11T16:37:12+00:00,
2025,35747,https://ijs.usfigureskating.org/leaderboard/results/2025/35747/index.asp,200,Fiesta Skate 2025,04/10/2025,04/13/2025,"Peoria, AZ",2026-05-11T16:37:13+00:00,
2025,35748,https://ijs.usfigureskating.org/leaderboard/results/2025/35748/index.asp,200,2025 White Rose Invitational,05/24/2025,05/25/2025,"York, PA",2026-05-11T16:37:13+00:00,
2025,35750,https://ijs.usfigureskating.org/leaderboard/results/2025/35750/index.asp,200,2025 Boston Open Spring,03/14/2025,03/16/2025,"Norwood, MA",2026-05-11T16:37:14+00:00,
2025,35751,https://ijs.usfigureskating.org/leaderboard/results/2025/35751/index.asp,200,2025 Magic City International Figure Skating Compe,01/31/2025,02/01/2025,"Minot, ND",2026-05-11T16:37:14+00:00,
2025,35754,https://ijs.usfigureskating.org/leaderboard/results/2025/35754/index.asp,200,36th Annual Eau Claire Figure Skating Competition,03/07/2025,03/08/2025,"Eau Claire, WI",2026-05-11T16:37:15+00:00,
2025,35755,https://ijs.usfigureskating.org/leaderboard/results/2025/35755/index.asp,200,36th Annual Eau Claire Figure Skating Competiion (,03/09/2025,03/09/2025,"Chippewa Falls, WI",2026-05-11T16:37:15+00:00,
2025,35756,https://ijs.usfigureskating.org/leaderboard/results/2025/35756/index.asp,200,2025 Roseville Open Competition,05/15/2025,05/18/2025,"Roseville, MN",2026-05-11T16:37:15+00:00,
2025,35757,https://ijs.usfigureskating.org/leaderboard/results/2025/35757/index.asp,200,2025 High Altitude Skating Challenge,02/20/2025,02/23/2025,"Kearns, UT",2026-05-11T16:37:16+00:00,
2025,35758,https://ijs.usfigureskating.org/leaderboard/results/2025/35758/index.asp,200,2025 Morris Open,03/21/2025,03/23/2025,"Morristown, NJ",2026-05-11T16:37:16+00:00,
2025,35759,https://ijs.usfigureskating.org/leaderboard/results/2025/35759/index.asp,200,50th Annual Howard E. Van Camp Invitational,03/14/2025,03/16/2025,"East Lansing, MI",2026-05-11T16:37:16+00:00,
2025,35763,https://ijs.usfigureskating.org/leaderboard/results/2025/35763/index.asp,200,Skate Vegas 2025,05/07/2025,05/11/2025,"Henderson, NV",2026-05-11T16:37:17+00:00,
2025,35764,https://ijs.usfigureskating.org/leaderboard/results/2025/35764/index.asp,200,2025 North Shore Open,05/15/2025,05/18/2025,"Reading, MA",2026-05-11T16:37:18+00:00,
2025,35766,https://ijs.usfigureskating.org/leaderboard/results/2025/35766/index.asp,200,Skate Wilmington 2025,07/16/2025,07/20/2025,"Wilmington, DE",2026-05-11T16:37:18+00:00,
2025,35768,https://ijs.usfigureskating.org/leaderboard/results/2025/35768/index.asp,200,45th Annual Nortland Figure Skating Competition,01/16/2025,01/19/2025,"Duluth, MN",2026-05-11T16:37:19+00:00,
2025,35771,https://ijs.usfigureskating.org/leaderboard/results/2025/35771/index.asp,200,Skate Nashville 2025,04/10/2025,04/13/2025,"Nashville, TN",2026-05-11T16:37:20+00:00,
2025,35773,https://ijs.usfigureskating.org/leaderboard/results/2025/35773/index.asp,200,50th Annual Ladybug Competition,04/23/2025,04/27/2025,"Flossmoor, IL",2026-05-11T16:37:20+00:00,
2025,35774,https://ijs.usfigureskating.org/leaderboard/results/2025/35774/index.asp,200,2025 Peach Classic,07/19/2025,07/20/2025,"Duluth, GA",2026-05-11T16:37:21+00:00,
2025,35775,https://ijs.usfigureskating.org/leaderboard/results/2025/35775/index.asp,200,2025 Orange Blossom,07/10/2025,07/13/2025,"Clearwater, FL",2026-05-11T16:37:21+00:00,
2025,35781,https://ijs.usfigureskating.org/leaderboard/results/2025/35781/index.asp,200,2025 New Year's Invitational,01/04/2025,01/05/2025,"Haymarket, VA",2026-05-11T16:37:23+00:00,
2025,35783,https://ijs.usfigureskating.org/leaderboard/results/2025/35783/index.asp,200,NQS - 2025 Potomac Memorial Open,08/15/2025,08/17/2025,"Ashburn, VA",2026-05-11T16:37:23+00:00,
2025,35784,https://ijs.usfigureskating.org/leaderboard/results/2025/35784/index.asp,200,2025 Spring Jubilee,05/09/2025,05/10/2025,"San Jose, CA",2026-05-11T16:37:23+00:00,
2025,35787,https://ijs.usfigureskating.org/leaderboard/results/2025/35787/index.asp,200,41st Margaret Faulkner Springtime Invitational,05/15/2025,05/18/2025,"Ann Arbor, MI",2026-05-11T16:37:25+00:00,
2025,35788,https://ijs.usfigureskating.org/leaderboard/results/2025/35788/index.asp,200,Magnolia Open 2025,03/06/2025,03/09/2025,"Alpharetta, GA",2026-05-11T16:37:25+00:00,
2025,35791,https://ijs.usfigureskating.org/leaderboard/results/2025/35791/index.asp,200,13th Annual Snow Town Invitational,02/14/2025,02/16/2025,"Watertown, NY",2026-05-11T16:37:26+00:00,
2025,35793,https://ijs.usfigureskating.org/leaderboard/results/2025/35793/index.asp,200,2025 Heart of America Invitational,05/30/2025,06/01/2025,"Overland Park, KS",2026-05-11T16:37:26+00:00,
2025,35795,https://ijs.usfigureskating.org/leaderboard/results/2025/35795/index.asp,200,Chesapeake Open and Compete USA 2025,06/18/2025,06/22/2025,"Laurel, MD",2026-05-11T16:37:27+00:00,
2025,35798,https://ijs.usfigureskating.org/leaderboard/results/2025/35798/index.asp,200,2025 Southport Summer Classic,06/11/2025,06/14/2025,"Pleasant Prairie, WI",2026-05-11T16:37:28+00:00,
2025,35799,https://ijs.usfigureskating.org/leaderboard/results/2025/35799/index.asp,200,"2025 Northern Star Individual, LTS, and Synchro Co",01/09/2025,01/12/2025,"East Grand Forks, MN",2026-05-11T16:37:28+00:00,
2025,35800,https://ijs.usfigureskating.org/leaderboard/results/2025/35800/index.asp,200,2025 Reflections Synchro Invitational,02/16/2025,02/17/2025,"Hershey, PA",2026-05-11T16:37:28+00:00,
2025,35801,https://ijs.usfigureskating.org/leaderboard/results/2025/35801/index.asp,200,2025 Columbus Invitational,03/07/2025,03/09/2025,"Columbus, IN",2026-05-11T16:37:29+00:00,
2025,35803,https://ijs.usfigureskating.org/leaderboard/results/2025/35803/index.asp,200,The 5th Annual Quad Cities Victory Skate,03/28/2025,03/29/2025,"Davenport, IA",2026-05-11T16:37:29+00:00,
2025,35807,https://ijs.usfigureskating.org/leaderboard/results/2025/35807/index.asp,200,2025 North Atlantic Open,02/28/2025,03/02/2025,"Falmouth, ME",2026-05-11T16:37:30+00:00,
2025,35810,https://ijs.usfigureskating.org/leaderboard/results/2025/35810/index.asp,200,2025 Mountain Classic,05/03/2025,05/04/2025,"Wilkes Barre, PA",2026-05-11T16:37:31+00:00,
2025,35811,https://ijs.usfigureskating.org/leaderboard/results/2025/35811/index.asp,200,2025 Skate Kansas City,04/03/2025,04/06/2025,"Shawnee, KS",2026-05-11T16:37:31+00:00,
2025,35813,https://ijs.usfigureskating.org/leaderboard/results/2025/35813/index.asp,200,2025 First State Spring Classic,03/15/2025,03/15/2025,"Newark, DE",2026-05-11T16:37:32+00:00,
2025,35815,https://ijs.usfigureskating.org/leaderboard/results/2025/35815/index.asp,200,2025 Cleveland Invitational Championships,03/21/2025,03/23/2025,"Parma, OH",2026-05-11T16:37:33+00:00,
2025,35816,https://ijs.usfigureskating.org/leaderboard/results/2025/35816/index.asp,200,38th Annual Pennsylvania State Championships,02/22/2025,02/23/2025,"York, PA",2026-05-11T16:37:33+00:00,
2025,35819,https://ijs.usfigureskating.org/leaderboard/results/2025/35819/index.asp,200,2025 Oregon Open Figure Skating Championships,04/12/2025,04/13/2025,"Medford, OR",2026-05-11T16:37:34+00:00,
2025,35821,https://ijs.usfigureskating.org/leaderboard/results/2025/35821/index.asp,200,NQS - 2025 Maplewood Fall Classic,09/18/2025,09/20/2025,"Vadnais Heights, MN",2026-05-11T16:37:34+00:00,
2025,35822,https://ijs.usfigureskating.org/leaderboard/results/2025/35822/index.asp,200,2025 Excel and Beyond,05/02/2025,05/04/2025,"Bloomington, IL",2026-05-11T16:37:34+00:00,
2025,35825,https://ijs.usfigureskating.org/leaderboard/results/2025/35825/index.asp,200,2025 Cactus Classic,07/17/2025,07/20/2025,"Scottsdale, AZ",2026-05-11T16:37:35+00:00,
2025,35827,https://ijs.usfigureskating.org/leaderboard/results/2025/35827/index.asp,200,2025 Badger State Games,01/23/2025,01/26/2025,"Mosinee, WI",2026-05-11T16:37:36+00:00,
2025,35828,https://ijs.usfigureskating.org/leaderboard/results/2025/35828/index.asp,200,2025 Los Angeles Open Championships,07/19/2025,07/20/2025,"Burbank, CA",2026-05-11T16:37:36+00:00,
2025,35838,https://ijs.usfigureskating.org/leaderboard/results/2025/35838/index.asp,200,2025 Wichita Mid-Continent Classic,03/15/2025,03/16/2025,"Wichita, KS",2026-05-11T16:37:38+00:00,
2025,35839,https://ijs.usfigureskating.org/leaderboard/results/2025/35839/index.asp,200,2025 Lake City Classic,05/15/2025,05/18/2025,"Coeur D Alene, ID",2026-05-11T16:37:38+00:00,
2025,35845,https://ijs.usfigureskating.org/leaderboard/results/2025/35845/index.asp,200,2025 Philadelphia Areas Figure Skating Competition,03/08/2025,03/09/2025,"Ardmore, PA",2026-05-11T16:37:40+00:00,
2025,35846,https://ijs.usfigureskating.org/leaderboard/results/2025/35846/index.asp,200,2025 Boise Ice Classic,04/24/2025,04/27/2025,"Boise, ID",2026-05-11T16:37:40+00:00,
2025,35847,https://ijs.usfigureskating.org/leaderboard/results/2025/35847/index.asp,200,2025 Spring Spectacular,04/12/2025,04/13/2025,"Anaheim, CA",2026-05-11T16:37:41+00:00,
2025,35848,https://ijs.usfigureskating.org/leaderboard/results/2025/35848/index.asp,200,2025 Skate the Lake,08/15/2025,08/17/2025,"Pleasant Prairie, WI",2026-05-11T16:37:41+00:00,
2025,35850,https://ijs.usfigureskating.org/leaderboard/results/2025/35850/index.asp,200,2025 Oktoberfest,10/03/2025,10/05/2025,"Cottonwood Heights, UT",2026-05-11T16:37:41+00:00,
2025,35853,https://ijs.usfigureskating.org/leaderboard/results/2025/35853/index.asp,200,2025 Sikumi Invitational (2025 Excel Series Host),04/12/2025,04/13/2025,"Annville, PA",2026-05-11T16:37:42+00:00,
2025,35854,https://ijs.usfigureskating.org/leaderboard/results/2025/35854/index.asp,200,2025 Reach for the Peaks,04/10/2025,04/12/2025,"Provo, UT",2026-05-11T16:37:42+00:00,
2025,35855,https://ijs.usfigureskating.org/leaderboard/results/2025/35855/index.asp,200,2025 Sugar Skate,03/27/2025,03/30/2025,"Sugar Land, TX",2026-05-11T16:37:43+00:00,
2025,35856,https://ijs.usfigureskating.org/leaderboard/results/2025/35856/index.asp,200,2025 Winter Festival,02/07/2025,02/09/2025,"Fort Myers, FL",2026-05-11T16:37:43+00:00,
2025,35857,https://ijs.usfigureskating.org/leaderboard/results/2025/35857/index.asp,200,2025 Picken Dance Classic,05/02/2025,05/04/2025,"Reston, VA",2026-05-11T16:37:43+00:00,
2025,35859,https://ijs.usfigureskating.org/leaderboard/results/2025/35859/index.asp,200,2025 Spring Fling,04/25/2025,04/27/2025,"Chagrin Falls, OH",2026-05-11T16:37:44+00:00,
2025,35863,https://ijs.usfigureskating.org/leaderboard/results/2025/35863/index.asp,200,2025 Denver Invitational,03/06/2025,03/09/2025,"Highlands Ranch, CO",2026-05-11T16:37:45+00:00,
2025,35866,https://ijs.usfigureskating.org/leaderboard/results/2025/35866/index.asp,200,Alamo Skate 2025,02/14/2025,02/16/2025,"San Antonio, TX",2026-05-11T16:37:46+00:00,
2025,35868,https://ijs.usfigureskating.org/leaderboard/results/2025/35868/index.asp,200,Spring Funtastics 2025,04/12/2025,04/13/2025,"Arvada, CO",2026-05-11T16:37:46+00:00,
2025,35869,https://ijs.usfigureskating.org/leaderboard/results/2025/35869/index.asp,200,2025 Cup of Colorado,08/14/2025,08/17/2025,"Highlands Ranch, CO",2026-05-11T16:37:47+00:00,
2025,35870,https://ijs.usfigureskating.org/leaderboard/results/2025/35870/index.asp,200,Copper Cup 2025,08/06/2025,08/10/2025,"Bountiful, UT",2026-05-11T16:37:47+00:00,
2025,35872,https://ijs.usfigureskating.org/leaderboard/results/2025/35872/index.asp,200,2025 Magic City Ice Classic,05/02/2025,05/04/2025,"Pelham, AL",2026-05-11T16:37:48+00:00,
2025,35875,https://ijs.usfigureskating.org/leaderboard/results/2025/35875/index.asp,200,2025 W.I.M. Competition,03/27/2025,03/30/2025,"Milwaukee, WI",2026-05-11T16:37:48+00:00,
2025,35876,https://ijs.usfigureskating.org/leaderboard/results/2025/35876/index.asp,200,2025 South Eastern Great Lakes Competition (SEGL),02/21/2025,02/23/2025,"Nashville, TN",2026-05-11T16:37:49+00:00,
2025,35877,https://ijs.usfigureskating.org/leaderboard/results/2025/35877/index.asp,200,2025 Skate Pittsburgh,03/08/2025,03/09/2025,"RMU Island Sports Center, Pittsburgh, PA",2026-05-11T16:37:49+00:00,
2025,35878,https://ijs.usfigureskating.org/leaderboard/results/2025/35878/index.asp,200,WWFSC Excel Competition 2025,05/09/2025,05/10/2025,"Crystal Lake, IL",2026-05-11T16:37:49+00:00,
2025,35881,https://ijs.usfigureskating.org/leaderboard/results/2025/35881/index.asp,200,2025 Cape Cod Spring Classic,04/11/2025,04/13/2025,"Orleans, MA",2026-05-11T16:37:50+00:00,
2025,35882,https://ijs.usfigureskating.org/leaderboard/results/2025/35882/index.asp,200,2025 Southern Connecticut Open,04/25/2025,04/27/2025,"Darien, CT",2026-05-11T16:37:50+00:00,
2025,35884,https://ijs.usfigureskating.org/leaderboard/results/2025/35884/index.asp,200,2025 Tri-State Memorial Figure Skating Competition,04/11/2025,04/13/2025,"Southgate, MI",2026-05-11T16:37:51+00:00,
2025,35885,https://ijs.usfigureskating.org/leaderboard/results/2025/35885/index.asp,200,2025 Hiawathaland Open & Compete USA Competition,10/10/2025,10/12/2025,"Rochester, MN",2026-05-11T16:37:51+00:00,
2025,35888,https://ijs.usfigureskating.org/leaderboard/results/2025/35888/index.asp,200,2025 Crystalline Classic,04/26/2025,04/27/2025,"Santa Rosa, CA",2026-05-11T16:37:52+00:00,
2025,35889,https://ijs.usfigureskating.org/leaderboard/results/2025/35889/index.asp,200,2025 John Smith Memorial,09/05/2025,09/06/2025,"Extreme Ice Center, Indian Trail, NC",2026-05-11T16:37:52+00:00,
2025,35890,https://ijs.usfigureskating.org/leaderboard/results/2025/35890/index.asp,200,NQS - 2025 Boston Open,10/01/2025,10/05/2025,"Norwood, MA",2026-05-11T16:37:53+00:00,
2025,35891,https://ijs.usfigureskating.org/leaderboard/results/2025/35891/index.asp,200,NQS - 2025 Cranberry Open,08/04/2025,08/08/2025,"Norwood, MA",2026-05-11T16:37:53+00:00,
2025,35892,https://ijs.usfigureskating.org/leaderboard/results/2025/35892/index.asp,200,2025 Intermountain Classic Figure Skating Champion,03/20/2025,03/23/2025,"Park City, UT",2026-05-11T16:37:53+00:00,
2025,35894,https://ijs.usfigureskating.org/leaderboard/results/2025/35894/index.asp,200,2025 Last Chance for Solo Dance Skate Kalamazoo,08/14/2025,08/17/2025,"Kalamazoo, MI",2026-05-11T16:37:54+00:00,
2025,35895,https://ijs.usfigureskating.org/leaderboard/results/2025/35895/index.asp,200,NQS - 2025 DuPage FSC Open Competition,08/01/2025,08/03/2025,"Evanston, IL",2026-05-11T16:37:54+00:00,
2025,35899,https://ijs.usfigureskating.org/leaderboard/results/2025/35899/index.asp,200,2025 Skate Austin Bluebonnet Open,04/24/2025,04/27/2025,"Cedar Park, TX",2026-05-11T16:37:55+00:00,
2025,35900,https://ijs.usfigureskating.org/leaderboard/results/2025/35900/index.asp,200,2025 Skate Cleveland NQS,09/19/2025,09/21/2025,"Cleveland, OH",2026-05-11T16:37:55+00:00,
2025,35901,https://ijs.usfigureskating.org/leaderboard/results/2025/35901/index.asp,200,2025 Blades on Broadway,04/05/2025,04/06/2025,"Everett, WA",2026-05-11T16:37:55+00:00,
2025,35904,https://ijs.usfigureskating.org/leaderboard/results/2025/35904/index.asp,200,2025 Albert Viviani Memorial-Deborah Burgoyne Nort,02/14/2025,02/16/2025,"Wyandotte, MI",2026-05-11T16:37:56+00:00,
2025,35905,https://ijs.usfigureskating.org/leaderboard/results/2025/35905/index.asp,200,NQS - 2025 Silver State Open Championships,08/21/2025,08/24/2025,"Henderson, NV",2026-05-11T16:37:56+00:00,
2025,35906,https://ijs.usfigureskating.org/leaderboard/results/2025/35906/index.asp,200,2025 Skate St. Moritz,09/06/2025,09/07/2025,"Oakland, CA",2026-05-11T16:37:57+00:00,
2025,35907,https://ijs.usfigureskating.org/leaderboard/results/2025/35907/index.asp,200,2025 Empire State Winter Games,01/30/2025,02/02/2025,"Olympic Center, Lake Placid, NY",2026-05-11T16:37:57+00:00,
2025,35910,https://ijs.usfigureskating.org/leaderboard/results/2025/35910/index.asp,200,2025 Mayblades,05/16/2025,05/18/2025,"Tacoma, WA",2026-05-11T16:37:58+00:00,
2025,35917,https://ijs.usfigureskating.org/leaderboard/results/2025/35917/index.asp,200,2025 Chi Edge Invitational,02/16/2025,02/16/2025,"Darian, IL",2026-05-11T16:37:59+00:00,
2025,35922,https://ijs.usfigureskating.org/leaderboard/results/2025/35922/index.asp,200,2025 44th Annual Ron Carlson Marquette Internation,02/08/2025,02/09/2025,"Marquette, MI",2026-05-11T16:38:00+00:00,
2025,35923,https://ijs.usfigureskating.org/leaderboard/results/2025/35923/index.asp,200,2025 Peach Open,07/18/2025,07/20/2025,"Atlanta IceForum, Duluth, GA",2026-05-11T16:38:01+00:00,
2025,35925,https://ijs.usfigureskating.org/leaderboard/results/2025/35925/index.asp,200,2025 Theatre On Ice Spring Classic,04/13/2025,04/13/2025,"Boxborough, MA",2026-05-11T16:38:01+00:00,
2025,35926,https://ijs.usfigureskating.org/leaderboard/results/2025/35926/index.asp,200,2025 Stillwell Adult Mid-Winter Warmup,02/16/2025,02/16/2025,"Artesia, CA",2026-05-11T16:38:01+00:00,
2025,35929,https://ijs.usfigureskating.org/leaderboard/results/2025/35929/index.asp,200,Celebrate Skating 2025,01/25/2025,01/25/2025,"Euclid, Ohio",2026-05-11T16:38:02+00:00,
2025,35930,https://ijs.usfigureskating.org/leaderboard/results/2025/35930/index.asp,200,2025 National Solo Dance Final,09/10/2025,09/14/2025,"Salt Lake City, UT",2026-05-11T16:38:02+00:00,
2025,35939,https://ijs.usfigureskating.org/leaderboard/results/2025/35939/index.asp,200,2025 BODYARMOR NC State Games,03/21/2025,03/23/2025,"Greensboro, NC",2026-05-11T16:38:04+00:00,
2025,35941,https://ijs.usfigureskating.org/leaderboard/results/2025/35941/index.asp,200,2025 Miami Open Championship,05/30/2025,06/01/2025,"Miami, FL",2026-05-11T16:38:05+00:00,
2025,35942,https://ijs.usfigureskating.org/leaderboard/results/2025/35942/index.asp,200,2025 Michigan Showcase,03/13/2025,03/16/2025,"Hartland, MI",2026-05-11T16:38:05+00:00,
2025,35943,https://ijs.usfigureskating.org/leaderboard/results/2025/35943/index.asp,200,U.S. International Solo Ice Dance - Atlanta 2025,03/06/2025,03/09/2025,"Alpharetta, GA",2026-05-11T16:38:06+00:00,
2025,35945,https://ijs.usfigureskating.org/leaderboard/results/2025/35945/index.asp,200,2025 La Jolla Open,04/25/2025,04/27/2025,"San Diego, CA",2026-05-11T16:38:06+00:00,
2025,35958,https://ijs.usfigureskating.org/leaderboard/results/2025/35958/index.asp,200,2025 Louisville Skating Academy Spring Invitationa,03/21/2025,03/23/2025,"Louisville, KY",2026-05-11T16:38:09+00:00,
2025,35970,https://ijs.usfigureskating.org/leaderboard/results/2025/35970/index.asp,200,2025 Rising Stars Competition,02/16/2025,02/16/2025,"Dublin, CA",2026-05-11T16:38:11+00:00,
2025,35972,https://ijs.usfigureskating.org/leaderboard/results/2025/35972/index.asp,200,2025 Eastern Sectional High School Final,04/04/2025,04/06/2025,"Burlington, VT",2026-05-11T16:38:12+00:00,
2025,35981,https://ijs.usfigureskating.org/leaderboard/results/2025/35981/index.asp,200,2025 Sun Valley Summer Championships,07/19/2025,07/20/2025,"Sun Valley, Idaho",2026-05-11T16:38:14+00:00,
2025,35984,https://ijs.usfigureskating.org/leaderboard/results/2025/35984/index.asp,200,2025 Glacier Challenge,03/13/2025,03/15/2025,"Missoula, MT",2026-05-11T16:38:14+00:00,
2025,35987,https://ijs.usfigureskating.org/leaderboard/results/2025/35987/index.asp,200,2025 SkateFest Competition,06/14/2025,06/15/2025,"Royal Oak, MI",2026-05-11T16:38:15+00:00,
2025,35990,https://ijs.usfigureskating.org/leaderboard/results/2025/35990/index.asp,200,2025 Love Bug Open,02/09/2025,02/09/2025,"Credit Union of Texas Event Center, Allen, TX",2026-05-11T16:38:16+00:00,
2025,36001,https://ijs.usfigureskating.org/leaderboard/results/2025/36001/index.asp,200,2025 Cody Spring Classic/Cowboy State Games,04/11/2025,04/13/2025,"Cody, Wyoming",2026-05-11T16:38:18+00:00,
2025,36006,https://ijs.usfigureskating.org/leaderboard/results/2025/36006/index.asp,200,2025 Providence Open,04/03/2025,04/06/2025,"Providence, RI",2026-05-11T16:38:19+00:00,
2025,36035,https://ijs.usfigureskating.org/leaderboard/results/2025/36035/index.asp,200,2025 Curtain Call North,04/05/2025,04/06/2025,"Simi Valley, CA",2026-05-11T16:38:25+00:00,
2025,36036,https://ijs.usfigureskating.org/leaderboard/results/2025/36036/index.asp,200,CRC Kickoff 2025 (TOI ONLY),04/25/2025,04/27/2025,"Chesapeake, VA",2026-05-11T16:38:26+00:00,
2025,36045,https://ijs.usfigureskating.org/leaderboard/results/2025/36045/index.asp,200,2025 Spin into Spring,04/19/2025,04/19/2025,"Lewis Center, OH",2026-05-11T16:38:27+00:00,
2025,36046,https://ijs.usfigureskating.org/leaderboard/results/2025/36046/index.asp,200,2025 Denver Invitational (TEAMS Only),03/07/2025,03/08/2025,"Highlands Ranch, CO",2026-05-11T16:38:28+00:00,
2025,36048,https://ijs.usfigureskating.org/leaderboard/results/2025/36048/index.asp,200,The 25th Annual Wollman Open,03/01/2025,03/01/2025,"New York, NY",2026-05-11T16:38:28+00:00,
2025,36056,https://ijs.usfigureskating.org/leaderboard/results/2025/36056/index.asp,200,2025 Memorial Trophy,05/08/2025,05/11/2025,"Houston, TX",2026-05-11T16:38:30+00:00,
2025,36057,https://ijs.usfigureskating.org/leaderboard/results/2025/36057/index.asp,200,18th Annual June Bug Competition,05/03/2025,05/03/2025,"St. Paul, MN",2026-05-11T16:38:30+00:00,
2025,36063,https://ijs.usfigureskating.org/leaderboard/results/2025/36063/index.asp,200,2025 Central Carolina Skating Classic,05/02/2025,05/04/2025,"Hillsborough, NC",2026-05-11T16:38:31+00:00,
2025,36081,https://ijs.usfigureskating.org/leaderboard/results/2025/36081/index.asp,200,Hollydell Summer Open 2025,06/07/2025,06/07/2025,"Sewell, New Jersey",2026-05-11T16:38:35+00:00,
2025,36090,https://ijs.usfigureskating.org/leaderboard/results/2025/36090/index.asp,200,2025 Cardinal Classic Theatre on Ice,05/30/2025,06/01/2025,"Woodbridge, VA",2026-05-11T16:38:37+00:00,
2025,36094,https://ijs.usfigureskating.org/leaderboard/results/2025/36094/index.asp,200,2025 Three Rivers Spring Skate,05/03/2025,05/04/2025,"Pittsburgh, PA",2026-05-11T16:38:38+00:00,
2025,36095,https://ijs.usfigureskating.org/leaderboard/results/2025/36095/index.asp,200,The Skating Club of Boston Club Competition 2025,05/10/2025,05/10/2025,"Norwood, MA",2026-05-11T16:38:38+00:00,
2025,36098,https://ijs.usfigureskating.org/leaderboard/results/2025/36098/index.asp,200,2025 Pacific Northwest Interclub Skating Champions,09/19/2025,09/21/2025,"Spokane, Wa",2026-05-11T16:38:39+00:00,
2025,36103,https://ijs.usfigureskating.org/leaderboard/results/2025/36103/index.asp,200,2025 Sunset Skate,03/22/2025,03/23/2025,"Poway, CA",2026-05-11T16:38:40+00:00,
2025,36111,https://ijs.usfigureskating.org/leaderboard/results/2025/36111/index.asp,200,2025 North Shore Open TOI,05/18/2025,05/18/2025,"Reading, MA",2026-05-11T16:38:41+00:00,
2025,36124,https://ijs.usfigureskating.org/leaderboard/results/2025/36124/index.asp,200,2025 Centennial Spring Classic,05/10/2025,05/10/2025,"Monument, CO",2026-05-11T16:38:44+00:00,
2025,36126,https://ijs.usfigureskating.org/leaderboard/results/2025/36126/index.asp,200,2025 Front Range Invitational,05/31/2025,06/01/2025,"Greeley, CO",2026-05-11T16:38:44+00:00,
2025,36127,https://ijs.usfigureskating.org/leaderboard/results/2025/36127/index.asp,200,2025 Grand Rapids Open,06/27/2025,06/28/2025,"Grand Rapids, MI",2026-05-11T16:38:45+00:00,
2025,36132,https://ijs.usfigureskating.org/leaderboard/results/2025/36132/index.asp,200,2025 ISCC Open - Compete USA,06/28/2025,06/28/2025,"Simsbury, CT",2026-05-11T16:38:46+00:00,
2025,36133,https://ijs.usfigureskating.org/leaderboard/results/2025/36133/index.asp,200,Skate Tulsa 2025,07/19/2025,07/20/2025,WeStreet Ice Center,2026-05-11T16:38:47+00:00,
2025,36136,https://ijs.usfigureskating.org/leaderboard/results/2025/36136/index.asp,200,2025 Broadmoor Open,06/18/2025,06/22/2025,"Colorado Springs, CO",2026-05-11T16:38:47+00:00,
2025,36147,https://ijs.usfigureskating.org/leaderboard/results/2025/36147/index.asp,200,2025 Star of the North Figure Skating Competition,04/26/2025,04/26/2025,"Chaska, MN",2026-05-11T16:38:50+00:00,
2025,36149,https://ijs.usfigureskating.org/leaderboard/results/2025/36149/index.asp,200,2025 Santa Fe SkateFest,05/30/2025,06/01/2025,"Santa Fe, NM",2026-05-11T16:38:50+00:00,
2025,36151,https://ijs.usfigureskating.org/leaderboard/results/2025/36151/index.asp,200,2025 Charleston Open,07/25/2025,07/27/2025,"North Charleston, SC",2026-05-11T16:38:51+00:00,
2025,36152,https://ijs.usfigureskating.org/leaderboard/results/2025/36152/index.asp,200,Dogwood Open 2025,06/27/2025,06/29/2025,"Morrisville, NC",2026-05-11T16:38:51+00:00,
2025,36155,https://ijs.usfigureskating.org/leaderboard/results/2025/36155/index.asp,200,2025 Greater Chicago Fall Invitational Non-Qualify,09/04/2025,09/07/2025,"Evanston, IL",2026-05-11T16:38:52+00:00,
2025,36163,https://ijs.usfigureskating.org/leaderboard/results/2025/36163/index.asp,200,The Hershey Open & Neal Wood Memorial Open,08/07/2025,08/08/1925,"Hershey Park Arena, Hershey  PA",2026-05-11T16:38:53+00:00,
2025,36164,https://ijs.usfigureskating.org/leaderboard/results/2025/36164/index.asp,200,2025 Arizona Ice Classic,06/20/2025,06/22/2025,"Chandler, AZ",2026-05-11T16:38:54+00:00,
2025,36167,https://ijs.usfigureskating.org/leaderboard/results/2025/36167/index.asp,200,2025 Lake Placid Figure Skating Championships,06/18/2025,06/21/2025,"Lake Placid, NY",2026-05-11T16:38:54+00:00,
2025,36171,https://ijs.usfigureskating.org/leaderboard/results/2025/36171/index.asp,200,2025 Sunshine State Challenge,05/16/2025,05/18/2025,"Wesley Chapel, FL",2026-05-11T16:38:55+00:00,
2025,36179,https://ijs.usfigureskating.org/leaderboard/results/2025/36179/index.asp,200,NQS - 2025 Challenge Cup,09/18/2025,09/21/2025,"Ardmore, PA",2026-05-11T16:38:57+00:00,
2025,36180,https://ijs.usfigureskating.org/leaderboard/results/2025/36180/index.asp,200,NQS - 2025 Skate Detroit,08/20/2025,08/23/2025,"Bloomfield Hills, MI",2026-05-11T16:38:57+00:00,
2025,36181,https://ijs.usfigureskating.org/leaderboard/results/2025/36181/index.asp,200,NQS - The 99th Annual Middle Atlantic Championship,09/02/2025,09/07/2025,"New York, NY",2026-05-11T16:38:58+00:00,
2025,36182,https://ijs.usfigureskating.org/leaderboard/results/2025/36182/index.asp,200,NQS - 2025 Colorado Springs Invitational,09/11/2025,09/14/2025,"Monument, CO",2026-05-11T16:38:58+00:00,
2025,36184,https://ijs.usfigureskating.org/leaderboard/results/2025/36184/index.asp,200,2025 Battle of the Blades,08/09/2025,08/10/2025,"Fort Wayne, IN",2026-05-11T16:38:58+00:00,
2025,36185,https://ijs.usfigureskating.org/leaderboard/results/2025/36185/index.asp,200,2025 All Year Open,05/31/2025,06/01/2025,"Irvine, CA",2026-05-11T16:38:59+00:00,
2025,36186,https://ijs.usfigureskating.org/leaderboard/results/2025/36186/index.asp,200,2025 Golden West Non-Qual Championships,08/29/2025,08/31/2025,"Irvine, CA",2026-05-11T16:38:59+00:00,
2025,36192,https://ijs.usfigureskating.org/leaderboard/results/2025/36192/index.asp,200,2025 Silver State Open Championships Nonqual,08/21/2025,08/24/2025,"Henderson, NV",2026-05-11T16:39:00+00:00,
2025,36199,https://ijs.usfigureskating.org/leaderboard/results/2025/36199/index.asp,200,2025 Orange Classic,05/18/2025,05/18/2025,Yorba Linda,2026-05-11T16:39:02+00:00,
2025,36202,https://ijs.usfigureskating.org/leaderboard/results/2025/36202/index.asp,200,2025 LAFSC Showcase for Skaters,06/07/2025,06/08/2025,"Burbank, CA",2026-05-11T16:39:03+00:00,
2025,36203,https://ijs.usfigureskating.org/leaderboard/results/2025/36203/index.asp,200,2025 Skate St. Paul,07/18/2025,07/19/2025,"Richfield, MN",2026-05-11T16:39:03+00:00,
2025,36206,https://ijs.usfigureskating.org/leaderboard/results/2025/36206/index.asp,200,2025 Potomac Memorial Open Nonqualifying Competiti,08/15/2025,08/17/2025,"Ashburn, VA",2026-05-11T16:39:04+00:00,
2025,36208,https://ijs.usfigureskating.org/leaderboard/results/2025/36208/index.asp,200,Vail Invitational Figure Skating Championships,07/18/1925,07/19/1925,"Steamboat Springs, CO",2026-05-11T16:39:04+00:00,
2025,36216,https://ijs.usfigureskating.org/leaderboard/results/2025/36216/index.asp,200,2025 Texas Trophy,09/30/2025,10/04/2025,"Plano, TX",2026-05-11T16:39:06+00:00,
2025,36217,https://ijs.usfigureskating.org/leaderboard/results/2025/36217/index.asp,200,2025 National Theatre On Ice,06/24/2025,06/28/2025,"Allen, TX",2026-05-11T16:39:06+00:00,
2025,36220,https://ijs.usfigureskating.org/leaderboard/results/2025/36220/index.asp,200,2025 Garden State Games,06/13/2025,06/14/2025,"Wayne, New Jersey",2026-05-11T16:39:07+00:00,
2025,36221,https://ijs.usfigureskating.org/leaderboard/results/2025/36221/index.asp,200,2025 Philadelphia Summer Championships,07/29/2025,08/03/2025,"Aston, PA",2026-05-11T16:39:07+00:00,
2025,36222,https://ijs.usfigureskating.org/leaderboard/results/2025/36222/index.asp,200,49th Annual Kathy Slack Troy Summer Competition,06/27/2025,06/29/2025,"Troy, OH",2026-05-11T16:39:07+00:00,
2025,36224,https://ijs.usfigureskating.org/leaderboard/results/2025/36224/index.asp,200,2025 Glacier Falls Summer Classic,07/30/2025,08/03/2025,"Anaheim, CA",2026-05-11T16:39:08+00:00,
2025,36226,https://ijs.usfigureskating.org/leaderboard/results/2025/36226/index.asp,200,2025 DuPage Open - Non Qual,08/01/2025,08/03/2025,"Evanston, IL",2026-05-11T16:39:08+00:00,
2025,36227,https://ijs.usfigureskating.org/leaderboard/results/2025/36227/index.asp,200,2025 Ice in the Pines,09/05/2025,09/07/2025,"Flagstaff, AZ",2026-05-11T16:39:09+00:00,
2025,36228,https://ijs.usfigureskating.org/leaderboard/results/2025/36228/index.asp,200,Skate Houston 2025,08/29/2025,09/01/2025,"Sugar Land, TX",2026-05-11T16:39:09+00:00,
2025,36229,https://ijs.usfigureskating.org/leaderboard/results/2025/36229/index.asp,200,Skate Milwaukee 2025,07/09/2025,07/13/2025,"Milwaukee, WI",2026-05-11T16:39:09+00:00,
2025,36230,https://ijs.usfigureskating.org/leaderboard/results/2025/36230/index.asp,200,2025 Southern Indiana Ice Classic,09/12/2025,09/14/2025,"Evansville, IN",2026-05-11T16:39:09+00:00,
2025,36235,https://ijs.usfigureskating.org/leaderboard/results/2025/36235/index.asp,200,2025 Skate Cleveland Non-Qual,09/19/2025,09/21/2025,"Cleveland, OH",2026-05-11T16:39:10+00:00,
2025,36236,https://ijs.usfigureskating.org/leaderboard/results/2025/36236/index.asp,200,2025 Southern California Interclub Championships,06/14/2025,06/15/2025,"Paramount, CA",2026-05-11T16:39:11+00:00,
2025,36244,https://ijs.usfigureskating.org/leaderboard/results/2025/36244/index.asp,200,37th Annual Ice Crystal Classic,08/22/2025,08/23/2025,"Vancouver, WA",2026-05-11T16:39:12+00:00,
2025,36250,https://ijs.usfigureskating.org/leaderboard/results/2025/36250/index.asp,200,2025 Maplewood Fall Classic,09/18/2025,09/21/2025,"Vadnais Heights, MN",2026-05-11T16:39:14+00:00,
2025,36275,https://ijs.usfigureskating.org/leaderboard/results/2025/36275/index.asp,200,NQS - SDS - 2025 Dallas Classic,07/11/2025,07/13/2025,"Plano, TX",2026-05-11T16:39:19+00:00,
2025,36278,https://ijs.usfigureskating.org/leaderboard/results/2025/36278/index.asp,200,2025 Junior Cup,07/09/2025,07/13/2025,"Milwaukee, WI",2026-05-11T16:39:19+00:00,
2025,36280,https://ijs.usfigureskating.org/leaderboard/results/2025/36280/index.asp,200,2025 Top of The World Skating Competition,08/08/2025,08/09/2025,"Anchorage, Alaska",2026-05-11T16:39:20+00:00,
2025,36284,https://ijs.usfigureskating.org/leaderboard/results/2025/36284/index.asp,200,2025 Southwest Florida Fall Classic,08/30/2025,08/30/2025,"Ellenton, Florida",2026-05-11T16:39:21+00:00,
2025,36285,https://ijs.usfigureskating.org/leaderboard/results/2025/36285/index.asp,200,The 99th Annual Middle Atlantics Competition Non Q,09/03/2025,09/07/2025,"New York, NY",2026-05-11T16:39:21+00:00,
2025,36286,https://ijs.usfigureskating.org/leaderboard/results/2025/36286/index.asp,200,2025 Sunshine State Synchro Classic,10/25/2025,10/25/2025,"Wesley Chapel, FL",2026-05-11T16:39:21+00:00,
2025,36287,https://ijs.usfigureskating.org/leaderboard/results/2025/36287/index.asp,200,2025 Skate San Francisco,08/22/2025,08/24/2025,"San Francisco, CA",2026-05-11T16:39:21+00:00,
2025,36288,https://ijs.usfigureskating.org/leaderboard/results/2025/36288/index.asp,200,2025 Red White and Blue,07/13/2025,07/13/1925,"Vacaville, CA",2026-05-11T16:39:22+00:00,
2025,36290,https://ijs.usfigureskating.org/leaderboard/results/2025/36290/index.asp,200,2025 Excel National Festival,07/09/2025,07/13/2025,"Colorado Springs, CO",2026-05-11T16:39:22+00:00,
2025,36291,https://ijs.usfigureskating.org/leaderboard/results/2025/36291/index.asp,200,2025 EDGE OF THE SOUND,08/02/2025,08/02/2025,"BREMERTON, WA",2026-05-11T16:39:23+00:00,
2025,36292,https://ijs.usfigureskating.org/leaderboard/results/2025/36292/index.asp,200,2025 National Showcase,07/28/2025,08/02/2025,"Rochester, MI",2026-05-11T16:39:23+00:00,
2025,36295,https://ijs.usfigureskating.org/leaderboard/results/2025/36295/index.asp,200,2025 Carousel Classic,09/12/2025,09/14/2025,"Eugene, OR",2026-05-11T16:39:24+00:00,
2025,36301,https://ijs.usfigureskating.org/leaderboard/results/2025/36301/index.asp,200,2025 Atlanta Open Non-Qual,08/21/2025,08/24/2025,"Cumming, GA",2026-05-11T16:39:25+00:00,
2025,36302,https://ijs.usfigureskating.org/leaderboard/results/2025/36302/index.asp,200,Skate Detroit 2025,08/19/2025,08/24/2025,"Bloomfield Hills, MI",2026-05-11T16:39:25+00:00,
2025,36303,https://ijs.usfigureskating.org/leaderboard/results/2025/36303/index.asp,200,2025 Scott Hamilton Invitational,08/01/2025,08/03/2025,"Nashville, TN",2026-05-11T16:39:26+00:00,
2025,36305,https://ijs.usfigureskating.org/leaderboard/results/2025/36305/index.asp,200,2025 Apple Ice Classic,08/15/2025,08/17/2025,"Wenatchee, WA",2026-05-11T16:39:26+00:00,
2025,36312,https://ijs.usfigureskating.org/leaderboard/results/2025/36312/index.asp,200,2025 Cranberry Open - Nonqualifying,08/04/2025,08/08/2025,"Norwood, MA",2026-05-11T16:39:27+00:00,
2025,36314,https://ijs.usfigureskating.org/leaderboard/results/2025/36314/index.asp,200,26th Annual Chicago Open,07/25/2025,07/26/2025,"Glenview, IL",2026-05-11T16:39:28+00:00,
2025,36315,https://ijs.usfigureskating.org/leaderboard/results/2025/36315/index.asp,200,Challenge Cup 2025,09/18/2025,09/21/2025,"Ardmore, PA",2026-05-11T16:39:28+00:00,
2025,36317,https://ijs.usfigureskating.org/leaderboard/results/2025/36317/index.asp,200,2025 Minnesota L'etoile du Nord Challenge,08/16/2025,08/17/2025,"Coon Rapids, MN",2026-05-11T16:39:29+00:00,
2025,36324,https://ijs.usfigureskating.org/leaderboard/results/2025/36324/index.asp,200,2025 Pony Express Championships,09/19/2025,09/21/2025,"St. Joseph, MO",2026-05-11T16:39:30+00:00,
2025,36330,https://ijs.usfigureskating.org/leaderboard/results/2025/36330/index.asp,200,2025 Florida Figure Skating Championships,10/03/2025,10/05/2025,"Jacksonville, FL",2026-05-11T16:39:32+00:00,
2025,36332,https://ijs.usfigureskating.org/leaderboard/results/2025/36332/index.asp,200,2025 Autumn Skills Competition,11/15/2025,11/15/2025,"Broollyn, Ohio",2026-05-11T16:39:32+00:00,
2025,36336,https://ijs.usfigureskating.org/leaderboard/results/2025/36336/index.asp,200,2025 Granite City Classic,11/07/2025,11/08/2025,Municipal Athletic Complex (MAC),2026-05-11T16:39:33+00:00,
2025,36339,https://ijs.usfigureskating.org/leaderboard/results/2025/36339/index.asp,200,2025 Falling Leaves CRC Championship,09/26/2025,09/28/2025,"Glen Allen, VA",2026-05-11T16:39:34+00:00,
2025,36343,https://ijs.usfigureskating.org/leaderboard/results/2025/36343/index.asp,200,2025 Skate by the Sea,08/23/2025,08/23/2025,"San Diego, CA",2026-05-11T16:39:35+00:00,
2025,36347,https://ijs.usfigureskating.org/leaderboard/results/2025/36347/index.asp,200,4th Annual Chuck Cope Synchronized Skating Competi,10/18/2025,10/18/2025,"Dearborn, MI",2026-05-11T16:39:35+00:00,
2025,36351,https://ijs.usfigureskating.org/leaderboard/results/2025/36351/index.asp,200,2025 Oklahoma Open,08/23/2025,08/24/2025,"Oklahoma City, OK",2026-05-11T16:39:36+00:00,
2025,36352,https://ijs.usfigureskating.org/leaderboard/results/2025/36352/index.asp,200,2025 Mini Championship Challenge,08/16/2025,08/17/2025,"Coon Rapids, MN",2026-05-11T16:39:37+00:00,
2025,36353,https://ijs.usfigureskating.org/leaderboard/results/2025/36353/index.asp,200,2025 Synchro Fall Classic,11/07/2025,11/09/2025,"Irvine, CA",2026-05-11T16:39:37+00:00,
2025,36356,https://ijs.usfigureskating.org/leaderboard/results/2025/36356/index.asp,200,Ann Arbor Adult Open 2025,11/07/2025,11/08/2025,"Ann Arbor, MI",2026-05-11T16:39:37+00:00,
2025,36360,https://ijs.usfigureskating.org/leaderboard/results/2025/36360/index.asp,200,14th Annual Interclub Invitational Series Final,09/27/2025,09/28/2025,"Paramount, CA",2026-05-11T16:39:38+00:00,
2025,36363,https://ijs.usfigureskating.org/leaderboard/results/2025/36363/index.asp,200,2025 16th Annual Capital City Championships,10/24/2025,10/25/2025,"Bismarck, ND",2026-05-11T16:39:39+00:00,
2025,36365,https://ijs.usfigureskating.org/leaderboard/results/2025/36365/index.asp,200,2025 Cape Cod Harvest Classic,10/25/2025,10/26/2025,"Orleans, MA",2026-05-11T16:39:40+00:00,
2025,36371,https://ijs.usfigureskating.org/leaderboard/results/2025/36371/index.asp,200,2025 Arizona State Championships,10/11/1925,10/12/1925,"Peoria, AZ",2026-05-11T16:39:41+00:00,
2025,36373,https://ijs.usfigureskating.org/leaderboard/results/2025/36373/index.asp,200,2025 LA Autumn Classic,10/03/2025,10/05/2025,"El Segundo, CA",2026-05-11T16:39:42+00:00,
2025,36375,https://ijs.usfigureskating.org/leaderboard/results/2025/36375/index.asp,200,2025 WisconSync! Synchronized Competition,10/17/2025,10/19/2025,"Sun Prairie, WI",2026-05-11T16:39:43+00:00,
2025,36377,https://ijs.usfigureskating.org/leaderboard/results/2025/36377/index.asp,200,2025 Madison Open,09/26/1925,09/27/1925,"Madison, WI",2026-05-11T16:39:43+00:00,
2025,36379,https://ijs.usfigureskating.org/leaderboard/results/2025/36379/index.asp,200,2025 Boston Synchronized Skating Classic,11/21/2025,11/23/2025,"Norwood, MA",2026-05-11T16:39:44+00:00,
2025,36381,https://ijs.usfigureskating.org/leaderboard/results/2025/36381/index.asp,200,2025 Austin Fall Festival,09/27/2025,09/27/2025,"Cedar Park, TX",2026-05-11T16:39:44+00:00,
2025,36385,https://ijs.usfigureskating.org/leaderboard/results/2025/36385/index.asp,200,60th Annual Arrowhead Open Championships,10/26/2025,10/26/2025,"Ontario, CA",2026-05-11T16:39:45+00:00,
2025,36389,https://ijs.usfigureskating.org/leaderboard/results/2025/36389/index.asp,200,Skating Spooktacular 2025,10/25/2025,10/26/2025,"North Canton, OH",2026-05-11T16:39:46+00:00,
2025,36390,https://ijs.usfigureskating.org/leaderboard/results/2025/36390/index.asp,200,2025 Skate by the Lake,10/16/2025,10/19/2025,"McCall, ID",2026-05-11T16:39:46+00:00,
2025,36392,https://ijs.usfigureskating.org/leaderboard/results/2025/36392/index.asp,200,2025 Shores Autumn Classic,10/24/2025,10/25/2025,"St Clr Shores, MI",2026-05-11T16:39:47+00:00,
2025,36396,https://ijs.usfigureskating.org/leaderboard/results/2025/36396/index.asp,200,2025 LA Autumn Classic (SYNCHRO ONLY),10/03/2025,10/05/2025,"El Segundo, CA",2026-05-11T16:39:48+00:00,
2025,36397,https://ijs.usfigureskating.org/leaderboard/results/2025/36397/index.asp,200,2025 LeeAnn Miele Synchronized Skating Open,11/09/2025,11/09/2025,"Providence, RI",2026-05-11T16:39:48+00:00,
2025,36398,https://ijs.usfigureskating.org/leaderboard/results/2025/36398/index.asp,200,2025 Diamond Classic Synchronized Skating Competit,11/08/2025,11/08/2025,"Mentor, OH",2026-05-11T16:39:48+00:00,
2025,36402,https://ijs.usfigureskating.org/leaderboard/results/2025/36402/index.asp,200,2025 Essex Synchronized Skating Classic,11/15/2025,11/15/2025,"West Orange, NJ",2026-05-11T16:39:49+00:00,
2025,36406,https://ijs.usfigureskating.org/leaderboard/results/2025/36406/index.asp,200,2025 Mile High Synchro Classic,12/12/2025,12/14/2025,"Highlands Ranch, CO",2026-05-11T16:39:50+00:00,
2025,36413,https://ijs.usfigureskating.org/leaderboard/results/2025/36413/index.asp,200,2025 Connecticut High School Classic,10/11/2025,10/11/2025,"West Hartford, CT",2026-05-11T16:39:52+00:00,
2025,36430,https://ijs.usfigureskating.org/leaderboard/results/2025/36430/index.asp,200,2025 Stars And Stripes Synchro Invitation,11/01/2025,11/01/2025,"Woodbridge, VA",2026-05-11T16:39:55+00:00,
2025,36432,https://ijs.usfigureskating.org/leaderboard/results/2025/36432/index.asp,200,2025 Spooktacular,10/11/2025,10/11/2025,"Lakewood, CA",2026-05-11T16:39:56+00:00,
2025,36436,https://ijs.usfigureskating.org/leaderboard/results/2025/36436/index.asp,200,Desert Ice Open Competition 2025,11/14/2025,11/16/2025,Las Vegas Nevada,2026-05-11T16:39:57+00:00,
2025,36440,https://ijs.usfigureskating.org/leaderboard/results/2025/36440/index.asp,200,2025 Autumn Antics,11/16/2025,11/16/2025,"Peoria, AZ",2026-05-11T16:39:58+00:00,
2025,36456,https://ijs.usfigureskating.org/leaderboard/results/2025/36456/index.asp,200,2025 Holiday Classic Figure Skating Competition,11/21/2025,11/22/2025,"ICON Sports Center, Grand Forks, ND",2026-05-11T16:40:01+00:00,
2025,36459,https://ijs.usfigureskating.org/leaderboard/results/2025/36459/index.asp,200,29th Porter Classic,12/05/2025,12/07/2025,"Ann Arbor, MI",2026-05-11T16:40:02+00:00,
2025,36460,https://ijs.usfigureskating.org/leaderboard/results/2025/36460/index.asp,200,2025 Terry Conners Open,12/06/2025,12/07/2025,"Stamford, CT",2026-05-11T16:40:02+00:00,
2025,36463,https://ijs.usfigureskating.org/leaderboard/results/2025/36463/index.asp,200,2025 Capital Ice Synchro Classic,11/02/2025,11/02/2025,"Bismarck, ND",2026-05-11T16:40:03+00:00,
2025,36464,https://ijs.usfigureskating.org/leaderboard/results/2025/36464/index.asp,200,2025 Autumn Skate Fest,10/31/2025,11/02/2025,"Burnsville, MN",2026-05-11T16:40:03+00:00,
2025,36471,https://ijs.usfigureskating.org/leaderboard/results/2025/36471/index.asp,200,2025 Kick-Off Classic Synchronized Skating Competi,11/21/2025,11/23/2025,"Kalamazoo, MI",2026-05-11T16:40:05+00:00,
2025,36492,https://ijs.usfigureskating.org/leaderboard/results/2025/36492/index.asp,200,2025 Fort Collins Fright Fest,10/26/2025,10/26/2025,"EPIC, Fort Collins, CO",2026-05-11T16:40:09+00:00,
2025,36499,https://ijs.usfigureskating.org/leaderboard/results/2025/36499/index.asp,200,2025 Holiday Season Competition,12/27/2025,12/27/2025,"Lewis Center, OH",2026-05-11T16:40:11+00:00,
2025,36504,https://ijs.usfigureskating.org/leaderboard/results/2025/36504/index.asp,200,Autumn Skate 2025,11/22/2025,11/23/2025,"Wilmington, DE",2026-05-11T16:40:12+00:00,
2025,36539,https://ijs.usfigureskating.org/leaderboard/results/2025/36539/index.asp,200,2025 South Atlantic Synchro Open,12/13/2025,12/14/2025,"Glen Allen, VA",2026-05-11T16:40:19+00:00,
2025,36588,https://ijs.usfigureskating.org/leaderboard/results/2025/36588/index.asp,200,2025 North Atlantic High School Competition,11/08/2025,11/09/2025,"Falmouth, ME",2026-05-11T16:40:30+00:00,
2025,36617,https://ijs.usfigureskating.org/leaderboard/results/2025/36617/index.asp,200,2025 Jingle Blades Competition,12/07/2025,12/07/2025,"Darien, IL",2026-05-11T16:40:36+00:00,
2025,36623,https://ijs.usfigureskating.org/leaderboard/results/2025/36623/index.asp,200,2025 Aspen Invitational,12/05/2025,12/06/2025,"Aspen, CO",2026-05-11T16:40:38+00:00,
2025,36628,https://ijs.usfigureskating.org/leaderboard/results/2025/36628/index.asp,200,2025 New England Synchronized Skating Open,12/12/2025,12/13/2025,"Norwood, MA",2026-05-11T16:40:39+00:00,
2025,36658,https://ijs.usfigureskating.org/leaderboard/results/2025/36658/index.asp,200,2025 Maplewood Synchronized Skating Classic,12/12/2025,12/13/2025,"Minneapolis, MN",2026-05-11T16:40:45+00:00,
2025,36746,https://ijs.usfigureskating.org/leaderboard/results/2025/36746/index.asp,200,34th Annual Skaneateles Figure Skating Invitationa,12/06/2025,12/07/2025,Skaneateles Community Center,2026-05-11T16:41:03+00:00,
